grid_x,grid_y,predicted_sinr
0,0,27.487987045759912
1,0,27.488007731283044
2,0,27.48811651397433
3,0,27.48854816981537
4,0,27.489828999186418
5,0,27.492627675571843
6,0,27.497002381431457
7,0,27.50158697961815
8,0,27.5041881852039
9,0,27.503795413582655
10,0,27.50127317119343
11,0,27.497314821905125
12,0,27.49087121724475
13,0,27.481286141823762
14,0,27.47163397918595
15,0,27.467990769681435
16,0,27.474295076788575
17,0,27.48828815802803
18,0,27.50273862537497
19,0,27.51055939423886
20,0,27.509522576244944
21,0,27.502899341844742
22,0,27.495778859855168
23,0,27.491096342537368
24,0,27.488937259672863
25,0,27.488208122389267
26,0,27.48802428793405
27,0,27.48798933835318
28,0,27.487984301986597
29,0,27.48798375150878
30,0,27.48798370633247
31,0,27.48798370368943
32,0,27.487983703608315
33,0,27.487983703612297
34,0,27.48798370361319
35,0,27.487983703613274
36,0,27.48798370361328
37,0,27.48798370361328
38,0,27.48798370361328
39,0,27.48798370361328
0,1,27.487994629586566
1,1,27.48806228011566
2,1,27.48841822313687
3,1,27.489831642075117
4,1,27.49403039783956
5,1,27.503224346662424
6,1,27.517666706025324
7,1,27.53303632770184
8,1,27.54244638707106
9,1,27.54299209612955
10,1,27.537773309067752
11,1,27.528905124080694
12,1,27.51243631938568
13,1,27.485459903078826
14,1,27.456525729375645
15,1,27.44307236724822
16,1,27.45636034024197
17,1,27.49052788440085
18,1,27.526513455991957
19,1,27.545865583775313
20,1,27.542856914753894
21,1,27.525843917869352
22,1,27.507719696646625
23,1,27.495849454799227
24,1,27.490389653100685
25,1,27.488548931517563
26,1,27.488085512911322
27,1,27.487997647738624
28,1,27.487985108144116
29,1,27.487983792294617
30,1,27.487983702869887
31,1,27.48798370242366
32,1,27.487983703407615
33,1,27.487983703589865
34,1,27.487983703611224
35,1,27.487983703613118
36,1,27.487983703613267
37,1,27.487983703613278
38,1,27.48798370361328
39,1,27.48798370361328
0,2,27.48801121825629
1,2,27.48818176853235
2,2,27.48908034696051
3,2,27.49265532189937
4,2,27.503305057053936
5,2,27.52673161853797
6,2,27.563863350159888
7,2,27.60431037331677
8,2,27.63147066409343
9,2,27.63891961939631
10,2,27.634799135138216
11,2,27.623196105413086
12,2,27.591634253052295
13,2,27.53054963828435
14,2,27.459577905383743
15,2,27.419903767393595
16,2,27.43791890815722
17,2,27.501460710424585
18,2,27.570279381241345
19,2,27.606323473292964
20,2,27.59832703205313
21,2,27.563369279422787
22,2,27.527011376760196
23,2,27.503456832010528
24,2,27.492692774688553
25,2,27.489079959133274
26,2,27.488175421649796
27,2,27.488006976488073
28,2,27.487984820208478
29,2,27.487983370665596
30,2,27.48798358197185
31,2,27.487983679414373
32,2,27.487983700139665
33,2,27.487983703227094
34,2,27.48798370357664
35,2,27.487983703609487
36,2,27.48798370361275
37,2,27.4879837036132
38,2,27.48798370361327
39,2,27.48798370361328
0,3,27.488037278175646
1,3,27.488370386966782
2,3,27.490132094343437
3,3,27.497177112043712
4,3,27.518315834574565
5,3,27.56531975806299
6,3,27.641193417615582
7,3,27.727055039375898
8,3,27.791517772764855
9,3,27.822514524311334
10,3,27.835298067086914
11,3,27.834272606250746
12,3,27.78877630835257
13,3,27.67548777507104
14,3,27.532243355305873
15,3,27.43998810388606
16,3,27.45006892900462
17,3,27.541309010228904
18,3,27.643151268732073
19,3,27.69174376544125
20,3,27.670746235480152
21,3,27.60988269955376
22,3,27.550020261559286
23,3,27.512229954948268
24,3,27.495213672137332
25,3,27.489566519129706
26,3,27.488192284140226
27,3,27.487971439270517
28,3,27.487965649079374
29,3,27.48797704136548
30,3,27.487982056595015
31,3,27.4879834001022
32,3,27.487983660384934
33,3,27.487983698561255
34,3,27.487983703029634
35,3,27.487983703524907
36,3,27.487983703596868
37,3,27.487983703610475
38,3,27.487983703612894
39,3,27.48798370361324
0,4,27.488065201275493
1,4,27.48857623002281
2,4,27.491306636239266
3,4,27.502373988224317
4,4,27.53619129258261
5,4,27.61331501613269
6,4,27.742575896851125
7,4,27.898319143258462
8,4,28.030810948170597
9,4,28.115510440778056
10,4,28.17023909643112
11,4,28.197212628202582
12,4,28.142614103800824
13,4,27.965346198672744
14,4,27.726475146728358
15,4,27.558487504017638
16,4,27.54487393693356
17,4,27.65226544620582
18,4,27.77218494340608
19,4,27.813176840002058
20,4,27.760003300218735
21,4,27.6612493945994
22,4,27.573139069286352
23,4,27.51996782435108
24,4,27.49652877138711
25,4,27.48896046619293
26,4,27.48743456424477
27,4,27.487519350755566
28,4,27.487776920397756
29,4,27.487918174250478
30,4,27.487968060763375
31,4,27.487980828176525
32,4,27.487983281130326
33,4,27.48798364711194
34,4,27.48798369446855
35,4,27.487983701657306
36,4,27.487983703193787
37,4,27.487983703538887
38,4,27.487983703602975
39,4,27.48798370361218
0,5,27.48808322859267
1,5,27.488720979336893
2,5,27.49221571916671
3,5,27.50684174272442
4,5,27.55337890223714
5,5,27.665117801410457
6,5,27.865244875081046
7,5,28.128331078248884
8,5,28.378595829032665
9,5,28.554956942042857
10,5,28.659486962026563
11,5,28.699780721624936
12,5,28.62071621968638
13,5,28.374356702458883
14,5,28.041140313917428
15,5,27.79991581074987
16,5,27.764775885315217
17,5,27.885461306202153
18,5,28.00739444169357
19,5,28.011026249604836
20,5,27.893424662926463
21,5,27.733061111025336
22,5,27.602763774359765
23,5,27.526060222440524
24,5,27.491788044790166
25,5,27.481481355194603
26,5,27.481543474284667
27,5,27.484281954585658
28,5,27.486454507163057
29,5,27.487508125824863
30,5,27.487870337261537
31,5,27.48796247339812
32,5,27.48798029938103
33,5,27.48798310722323
34,5,27.487983562025367
35,5,27.487983666310186
36,5,27.487983695124065
37,5,27.48798370208768
38,5,27.487983703401323
39,5,27.48798370359062
0,6,27.488087462956067
1,6,27.488784376582377
2,6,27.492802955572678
3,6,27.510645977600436
4,6,27.571373858242133
5,6,27.728564772183468
6,6,28.03405635892811
7,6,28.470658554287375
8,6,28.91421438397011
9,6,29.215629497850095
10,6,29.32941114097258
11,6,29.29924557969052
12,6,29.133025354335768
13,6,28.807565349953318
14,6,28.4047297710559
15,6,28.12103950862493
16,6,28.08996628290931
17,6,28.241566359973035
18,6,28.368854047073796
19,6,28.321145123649615
20,6,28.113593709340087
21,6,27.860772378612207
22,6,27.654093166050316
23,6,27.521239076414417
24,6,27.45520257001936
25,6,27.438754693948397
26,6,27.449681891064575
27,6,27.46706411110128
28,6,27.47946258137432
29,6,27.485339680623948
30,6,27.48734684541638
31,6,27.487857780336295
32,6,27.487959099859776
33,6,27.487977400871475
34,6,27.487981721690733
35,6,27.487983129849173
36,6,27.48798357011513
37,6,27.487983679508268
38,6,27.48798370026092
39,6,27.487983703254745
0,7,27.48808544507604
1,7,27.488820629145447
2,7,27.493367544851644
3,7,27.515052826472523
4,7,27.59427108365381
5,7,27.813705150899263
6,7,28.267387350480814
7,7,28.949043201846294
8,7,29.65497578570234
9,7,30.090844275217655
10,7,30.13585662585642
11,7,29.913827613282994
12,7,29.573254464354896
13,7,29.150185580833483
14,7,28.70172701325892
15,7,28.403737096501725
16,7,28.39708748064733
17,7,28.600574714604917
18,7,28.763534328351106
19,7,28.70154862289044
20,7,28.42877655648728
21,7,28.068028036872533
22,7,27.719309870114007
23,7,27.44317644814249
24,7,27.286568757585698
25,7,27.260949079718177
26,7,27.32085512900987
27,7,27.398178167131828
28,7,27.45156843173412
29,7,27.476630660509073
30,7,27.48515900335629
31,7,27.4873448794584
32,7,27.48780888599415
33,7,27.487920393675413
34,7,27.487960704099848
35,7,27.48797679654875
36,7,27.487982083611442
37,7,27.487983410594946
38,7,27.487983662846567
39,7,27.487983699252833
0,8,27.488083470665195
1,8,27.488856693498512
2,8,27.4939259328576
3,8,27.519393057252127
4,8,27.61670972103117
5,8,27.896573556646075
6,8,28.49222697140724
7,8,29.402780016810976
8,8,30.338866232965092
9,8,30.85966309095024
10,8,30.778309805160077
11,8,30.317272536899576
12,8,29.78183376242508
13,8,29.266876423855255
14,8,28.787228494529728
15,8,28.4798675104571
16,8,28.49228001272604
17,8,28.75517787761134
18,8,29.006777261893017
19,8,29.032023697032482
20,8,28.787921456103312
21,8,28.320122493239886
22,8,27.703950071775534
23,8,27.101687564815368
24,8,26.736097778885597
25,8,26.714775286596044
26,8,26.933212642011192
27,8,27.19241944618344
28,8,27.368102008412187
29,8,27.4499236473767
30,8,27.47766467083949
31,8,27.484930869207208
32,8,27.486757061799562
33,8,27.487435809998907
34,8,27.487772378780306
35,8,27.48791937558662
36,8,27.487968571398728
37,8,27.487980964717405
38,8,27.487983322491225
39,8,27.48798366284564
0,9,27.48807666134424
1,9,27.488827125181825
2,9,27.493895927730765
3,9,27.51995960079725
4,9,27.62126359187111
5,9,27.915748788541066
6,9,28.544853882100373
7,9,29.500291242385156
8,9,30.45467317765484
9,9,30.92189270741662
10,9,30.718758227447353
11,9,30.133458057248916
12,9,29.533812353262032
13,9,29.013158294879446
14,9,28.543348101731965
15,9,28.239061073049722
16,9,28.26593444705914
17,9,28.592854640235945
18,9,28.98905037510929
19,9,29.215197285350754
20,9,29.096287602635833
21,9,28.485725328685835
22,9,27.392840944503522
23,9,26.187392200624892
24,9,25.452488457099363
25,9,25.492107540766796
26,9,26.078419435925596
27,9,26.74018628713893
28,9,27.182066154718555
29,9,27.3857031741688
30,9,27.454303473062243
31,9,27.473408540250702
32,9,27.480205015022115
33,9,27.484160463474456
34,9,27.48647509834248
35,9,27.487522145158362
36,9,27.487874998828875
37,9,27.487964021741128
38,9,27.48798096451928
39,9,27.487983410603427
0,10,27.488057721263875
1,10,27.48866314375582
2,10,27.492777354278502
3,10,27.51394567163649
4,10,27.595774543723422
5,10,27.830573618164642
6,10,28.320358422457364
7,10,29.033029987203626
8,10,29.68420630104566
9,10,29.90777725206075
10,10,29.635387818020725
11,10,29.16251864953911
12,10,28.76091594056065
13,10,28.422248880169057
14,10,28.074397008437195
15,10,27.83330349050754
16,10,27.890551969941217
17,10,28.270697115352544
18,10,28.807396616726745
19,10,29.245844654316535
20,10,29.236047139403606
21,10,28.37608651126055
22,10,26.596993602422977
23,10,24.5626690725549
24,10,23.358641551471333
25,10,23.557743779734402
26,10,24.740540635822374
27,10,26.028472284919218
28,10,26.873639774530005
29,10,27.25445731620043
30,10,27.38054213491595
31,10,27.42192106656672
32,10,27.447106164992707
33,10,27.46711064333664
34,10,27.479674990404806
35,10,27.485436200217247
36,10,27.487383344475177
37,10,27.48787497742387
38,10,27.487968570607933
39,10,27.48798208468396
0,11,27.488029707859123
1,11,27.48840182529517
2,11,27.49088412881408
3,11,27.50329225547909
4,11,27.549198410513632
5,11,27.672288927317787
6,11,27.901955495238642
7,11,28.171972005079578
8,11,28.302159502275895
9,11,28.17042090049292
10,11,27.90769245775261
11,11,27.775241870450838
12,11,27.83422924728088
13,11,27.900684421799077
14,11,27.83991574323084
15,11,27.74997793233024
16,11,27.82778188144187
17,11,28.16715863311994
18,11,28.701340605067422
19,11,29.187213407442098
20,11,29.13401676533907
21,11,27.939484650630536
22,11,25.49022240080192
23,11,22.71621248369411
24,11,21.14242571464726
25,11,21.567536778625602
26,11,23.37161285791415
27,11,25.273738006650618
28,11,26.482095849786685
29,11,26.99230837081414
30,11,27.150993699194085
31,11,27.230228960957344
32,11,27.318022573473197
33,11,27.399864493490092
34,11,27.45277042802154
35,11,27.477173904803397
36,11,27.485434934001102
37,11,27.48752200171248
38,11,27.487919433006805
39,11,27.487976827396874
0,12,27.48800372274672
1,12,27.4881555731095
2,12,27.48907925799248
3,12,27.49305759676167
4,12,27.504285739287997
5,12,27.519774360484995
6,12,27.501416434483367
7,12,27.359575436014033
8,12,27.032620133790097
9,12,26.64743228367548
10,12,26.51510624430373
11,12,26.832113175777977
12,12,27.445034536093537
13,12,28.01796525317873
14,12,28.34614573411009
15,12,28.444697691004897
16,12,28.459736850137315
17,12,28.56620944251749
18,12,28.845639610976644
19,12,29.121861506883786
20,12,28.866707649385994
21,12,27.42715719574294
22,12,24.69819358185889
23,12,21.69539871309233
24,12,20.065839018253275
25,12,20.654926357651597
26,12,22.733984469058683
27,12,24.832648172507216
28,12,26.053100241108073
29,12,26.4521672963078
30,12,26.535030427134625
31,12,26.678270395044546
32,12,26.939535121417848
33,12,27.201577598180535
34,12,27.37325700467475
35,12,27.45272810160815
36,12,27.47966656180765
37,12,27.48647662564675
38,12,27.48777387626578
39,12,27.487961252204066
0,13,27.487987661767285
1,13,27.48800415729983
2,13,27.48798021310048
3,13,27.486921818751505
4,13,27.477991707230316
5,13,27.433615679151586
6,13,27.28710878079556
7,13,26.960547916997044
8,13,26.492544661352156
9,13,26.15528186060053
10,13,26.303848222961633
11,13,27.016758470473984
12,13,28.006845500984163
13,13,28.916968358103098
14,13,29.53002279919566
15,13,29.740135684326525
16,13,29.586200752437595
17,13,29.310313505186663
18,13,29.162902638529758
19,13,29.083651515460467
20,13,28.616228124105124
21,13,27.203143433969345
22,13,24.77748595140246
23,13,22.206229725748035
24,13,20.868288549954638
25,13,21.445762966225043
26,13,23.243235972468213
27,13,24.892425594295872
28,13,25.568674901338056
29,13,25.45252218127565
30,13,25.26187713867554
31,13,25.502638947833145
32,13,26.124656023147146
33,13,26.77255301199091
34,13,27.20076600067189
35,13,27.399618396397038
36,13,27.467123704070428
37,13,27.48420239276419
38,13,27.487457121041064
39,13,27.487927352098062
0,14,27.48798153252705
1,14,27.48794981558059
2,14,27.487619208203366
3,14,27.48515782602432
4,14,27.471905938824978
5,14,27.420454667151464
6,14,27.27910443196591
7,14,27.01809838189607
8,14,26.744371009653875
9,14,26.740350720165782
10,14,27.24167343649012
11,14,28.155467835466062
12,14,29.1571273269083
13,14,30.01772555360973
14,14,30.61740499720523
15,14,30.78269352721271
16,14,30.442305730386558
17,14,29.848461022026914
18,14,29.35715884449899
19,14,29.015504944552962
20,14,28.491074301222728
21,14,27.38227570035123
22,14,25.652596774356528
23,14,23.88926800531953
24,14,23.004629824873412
25,14,23.42319769932582
26,14,24.57637101259106
27,14,25.3502823738865
28,14,25.067463172197172
29,14,24.07516440536442
30,14,23.39636534932353
31,14,23.736894568718792
32,14,24.885456049621105
33,14,26.11566311985003
34,14,26.935630795600336
35,14,27.31779899606376
36,14,27.447774932170045
37,14,27.480691402963597
38,14,27.48696788616697
39,14,27.48787497854125
0,15,27.487981043665005
1,15,27.48795072322144
2,15,27.487677887277332
3,15,27.485865730571312
4,15,27.47709630609998
5,15,27.447027766234424
6,15,27.3787182428819
7,15,27.297732520845866
8,15,27.339741060379442
9,15,27.709499246621892
10,15,28.454046774124073
11,15,29.324294097122905
12,15,30.025702227252562
13,15,30.513034201368423
14,15,30.829168438656612
15,15,30.837832850259556
16,15,30.417184796427456
17,15,29.763928235254774
18,15,29.220707395786327
19,15,28.8790219718342
20,15,28.510479917711795
21,15,27.832385511438606
22,15,26.80738640637739
23,15,25.774488672794686
24,15,25.26029922011055
25,15,25.49880442933342
26,15,26.06094713267506
27,15,26.043761367201668
28,15,24.84865697019901
29,15,22.95144388880295
30,15,21.702084200165764
31,15,22.05805057155293
32,15,23.67915861275948
33,15,25.467874220560024
34,15,26.67223784252498
35,15,27.2361710571924
36,15,27.428423538648083
37,15,27.47717483110757
38,15,27.486477454423266
39,15,27.487822450400422
0,16,27.487982234953765
1,16,27.487966774500137
2,16,27.487838614936713
3,16,27.487074430881183
4,16,27.48396307385676
5,16,27.476594116635482
6,16,27.47533804645575
7,16,27.537312322361053
8,16,27.78935262381969
9,16,28.34308101362157
10,16,29.107446871446207
11,16,29.76696488439831
12,16,30.088244960604264
13,16,30.154327196982685
14,16,30.136624533674254
15,16,29.998476392818905
16,16,29.639889503586293
17,16,29.180934260144134
18,16,28.871938859249106
19,16,28.78693435648972
20,16,28.737259840553627
21,16,28.464721771168946
22,16,27.89374118214976
23,16,27.23933869698139
24,16,26.869319118504666
25,16,26.97294502853847
26,16,27.2410014859698
27,16,26.88308257811544
28,16,25.28205566306259
29,16,22.909004185186653
30,16,21.267108628133094
31,16,21.48764155540627
32,16,23.220404252469432
33,16,25.20742667759746
34,16,26.563125236729434
35,16,27.201784586288973
36,16,27.420192889182925
37,16,27.475670772624206
38,16,27.48626700808775
39,16,27.487799867092452
0,17,27.487983223010524
1,17,27.48797883328987
2,17,27.48795028147367
3,17,27.487858169069487
4,17,27.488120558368028
5,17,27.49317493102251
6,17,27.524580565116995
7,17,27.644224159635836
8,17,27.95211022108957
9,17,28.495328985429794
10,17,29.130339800143656
11,17,29.557449405266485
12,17,29.602181284324356
13,17,29.392711193025804
14,17,29.154133341407523
15,17,28.94313316562138
16,17,28.71675304444636
17,17,28.544483293528483
18,17,28.58741156188788
19,17,28.879839995692386
20,17,29.207892490390655
21,17,29.246815536680952
22,17,28.85543961730462
23,17,28.237540815643555
24,17,27.79042128132166
25,17,27.766406633807364
26,17,27.963395012764618
27,17,27.682847181996618
28,17,26.285444593237067
29,17,24.094869862369812
30,17,22.451414472919094
31,17,22.444263594486166
32,17,23.8331386625908
33,17,25.515117799611946
34,17,26.68337765778616
35,17,27.238189354304396
36,17,27.428704537254948
37,17,27.477204898111523
38,17,27.486479927208602
39,17,27.487822606723235
0,18,27.48798369006444
1,18,27.487984349924837
2,18,27.487999639125555
3,18,27.48819089339674
4,18,27.489795179730777
5,18,27.49936469477294
6,18,27.54081787402332
7,18,27.671847626248493
8,18,27.971798720335784
9,18,28.45667483139053
10,18,28.97338828205322
11,18,29.25161970987529
12,18,29.14944221702208
13,18,28.80007161965979
14,18,28.445683661363798
15,18,28.20523474392887
16,18,28.08505128577461
17,18,28.132683573079937
18,18,28.45703389614736
19,18,29.060706991376858
20,18,29.684366087551453
21,18,29.916659085876127
22,18,29.556602592097576
23,18,28.836889634535815
24,18,28.23144366649603
25,18,28.062764403886497
26,18,28.221453672027526
27,18,28.149423862533034
28,18,27.275766254573664
29,18,25.732649826714063
30,18,24.45634591057019
31,18,24.278303086221943
32,18,25.10062072674
33,18,26.18160516186894
34,18,26.95117354187648
35,18,27.32061462648758
36,18,27.44816692133312
37,18,27.480733345321344
38,18,27.48697133559101
39,18,27.48787519660408
0,19,27.48798385193724
1,19,27.48798625486403
2,19,27.488016648910516
3,19,27.488305528233834
4,19,27.49037321052418
5,19,27.501512024320167
6,19,27.54651470364768
7,19,27.681817885527973
8,19,27.979936726684194
9,19,28.44603156584394
10,19,28.921969100966542
11,19,29.143295640209566
12,19,28.974323253986345
13,19,28.549834030228666
14,19,28.127275406176786
15,19,27.861199410963355
16,19,27.779529937359044
17,19,27.909384443937522
18,19,28.322040980672636
19,19,29.002805503396303
20,19,29.693045973475463
21,19,29.978877382524537
22,19,29.65183972788936
23,19,28.93744800751874
24,19,28.29532236762153
25,19,28.039027707855315
26,19,28.12327481944526
27,19,28.17180199558965
28,19,27.774093198983294
29,19,26.934520146495224
30,19,26.161329044370966
31,19,25.95277092090767
32,19,26.3022299927158
33,19,26.826833112702303
34,19,27.213548354754057
35,19,27.401933235560655
36,19,27.467445937883436
37,19,27.484236870052058
38,19,27.487459956484436
39,19,27.487927531345928
0,20,27.48798388775143
1,20,27.487986654317666
2,20,27.488019943810826
3,20,27.488325106200577
4,20,27.49045202603726
5,20,27.501685762900447
6,20,27.54640471913538
7,20,27.67935539482433
8,20,27.969742981630397
9,20,28.42030177898287
10,20,28.875682346897765
11,20,29.078227278537756
12,20,28.894468792934163
13,20,28.454406100632983
14,20,28.01450858254288
15,20,27.736384813173913
16,20,27.644611362078678
17,20,27.733255206971872
18,20,28.026365258494476
19,20,28.50267137330441
20,20,28.984245113837346
21,20,29.189147524930423
22,20,28.97432939380594
23,20,28.490514522121437
24,20,28.043816435419856
25,20,27.8420988973856
26,20,27.872488773028202
27,20,27.935965678935883
28,20,27.806595040295278
29,20,27.451830395829848
30,20,27.086027055754162
31,20,26.942725635183464
32,20,27.042226673769253
33,20,27.23279097599236
34,20,27.38059280556247
35,20,27.454055665933385
36,20,27.479851318608247
37,20,27.48649639195726
38,20,27.48777550181696
39,20,27.487961354965268
0,21,27.48798386362441
1,21,27.487986241607793
2,21,27.48801464073813
3,21,27.488273563878902
4,21,27.490071481690695
5,21,27.499545816442918
6,21,27.53722478948414
7,21,27.649291499875886
8,21,27.894570587938325
9,21,28.276861097659634
10,21,28.66695608555131
11,21,28.84653255195885
12,21,28.697063731639805
13,21,28.32154431050649
14,21,27.93584903185552
15,21,27.67958394035575
16,21,27.565285943345206
17,21,27.55437828208622
18,21,27.620979974832487
19,21,27.744103880261815
20,21,27.87200990748335
21,21,27.929510484196577
22,21,27.878530054567694
23,21,27.758060694377985
24,21,27.650042627991308
25,21,27.614368970531068
26,21,27.650360020444854
27,21,27.69495094406538
28,21,27.667700396178265
29,21,27.550623049235014
30,21,27.41536477147539
31,21,27.347428682143036
32,21,27.362070261605304
33,21,27.413091979696578
34,21,27.455865813138736
35,21,27.477733232333573
36,21,27.485512734335686
37,21,27.4875303236884
38,21,27.487920117349265
39,21,27.487976870657445
0,22,27.4879838112925
1,22,27.48798541190273
2,22,27.488004551837268
3,22,27.48817948198333
4,22,27.48939881515971
5,22,27.495860221338198
6,22,27.521762585592587
7,22,27.59968557799984
8,22,27.773110132134832
9,22,28.050586426678628
10,22,28.347808047973317
11,22,28.508510064742595
12,22,28.43197995784358
13,22,28.171178526145226
14,22,27.87474981057633
15,22,27.652177528531496
16,22,27.515270003630103
17,22,27.413413754691277
18,22,27.289810032915508
19,22,27.12631234342593
20,22,26.971183516476465
21,22,26.913395852550924
22,22,26.9982249075811
23,22,27.17515428739794
24,22,27.349235866377274
25,22,27.46663824617674
26,22,27.53124602026782
27,22,27.560567368518257
28,22,27.55770564041574
29,22,27.526170831547375
30,22,27.486567618255652
31,22,27.46302711235145
32,22,27.461590721174698
33,22,27.471350658405843
34,22,27.480657990064188
35,22,27.485613239109636
36,22,27.487407941355812
37,22,27.487877607381776
38,22,27.487968786847052
39,22,27.487982098352795
0,23,27.487983760944857
1,23,27.487984621029796
2,23,27.487995026498602
3,23,27.488091590950017
4,23,27.48877824125055
5,23,27.49251288502187
6,23,27.50800347500232
7,23,27.556748183442284
8,23,27.67199026764195
9,23,27.8726870170299
10,23,28.11840660203978
11,23,28.30043359307574
12,23,28.313863911165907
13,23,28.150777528191504
14,23,27.90362030336939
15,23,27.675291904376234
16,23,27.500712751918883
17,23,27.343190767513736
18,23,27.142140267244724
19,23,26.879975088450884
20,23,26.635291856127726
21,23,26.5493852017712
22,23,26.693819914050465
23,23,26.98489066221216
24,23,27.26312699882245
25,23,27.433118722835697
26,23,27.501429120520196
27,23,27.516354313901047
28,23,27.51224534941852
29,23,27.50220113214503
30,23,27.491863261221322
31,23,27.4854645313914
32,23,27.483983834196536
33,23,27.485209646893185
34,23,27.486713426496028
35,23,27.487564752269897
36,23,27.487880902986777
37,23,27.48796465244831
38,23,27.487981016360266
39,23,27.487983413880013
0,24,27.48798372970855
1,24,27.487984136318357
2,24,27.487989281957706
3,24,27.488039723220748
4,24,27.488422769470905
5,24,27.490674280719368
6,24,27.50089403240503
7,24,27.53654449261753
8,24,27.631261184901984
9,24,27.819660744299966
10,24,28.090332008921354
11,24,28.345811582853898
12,24,28.44511572094277
13,24,28.32195807379566
14,24,28.04675368749214
15,24,27.75143026070462
16,24,27.513777761494886
17,24,27.325009868191053
18,24,27.136943154315578
19,24,26.927799868855196
20,24,26.74844291942047
21,24,26.70116538209788
22,24,26.83866000489776
23,24,27.09191905204453
24,24,27.32830993122724
25,24,27.466126323735047
26,24,27.511711763457583
27,24,27.51165115985107
28,24,27.50151600793692
29,24,27.49398716157219
30,24,27.489950889795608
31,24,27.48812546484948
32,24,27.487587401779038
33,24,27.487642825045942
34,24,27.487817241585756
35,24,27.487927251775883
36,24,27.487969655533796
37,24,27.487981080244175
38,24,27.48798333197818
39,24,27.487983663445043
0,25,27.48798371647357
1,25,27.487983936488558
2,25,27.48798700303607
3,25,27.48802026163367
4,25,27.488300187625608
5,25,27.490121707237208
6,25,27.499239015406225
7,25,27.534095890983902
8,25,27.63483230325989
9,25,27.85116082091408
10,25,28.185079340348654
11,25,28.52605985214156
12,25,28.68661998956363
13,25,28.55810876742903
14,25,28.21542514308804
15,25,27.833503835991298
16,25,27.53185861052558
17,25,27.32620672373537
18,25,27.181543660405598
19,25,27.068457922944436
20,25,26.991339202442077
21,25,26.98656607290236
22,25,27.07913579715933
23,25,27.237603307958988
24,25,27.389868536757625
25,25,27.482689049404645
26,25,27.513322420230846
27,25,27.510185369507415
28,25,27.499605591104796
29,25,27.49245889291252
30,25,27.48932953873934
31,25,27.488279398943806
32,25,27.48800228086594
33,25,27.48795924751972
34,25,27.487968017564437
35,25,27.48797798789222
36,25,27.487982241611643
37,25,27.487983427121264
38,25,27.487983664190658
39,25,27.487983699337313
0,26,27.487983712238364
1,26,27.487983873768634
2,26,27.487986307790727
3,26,27.488014579706636
4,26,27.48826695911928
5,26,27.489992422175707
6,26,27.49898719118918
7,26,27.534521043616014
8,26,27.639906224720175
9,26,27.87078783312277
10,26,28.232599424646644
11,26,28.606370879705445
12,26,28.78482886487605
13,26,28.645769321268475
14,26,28.271348538391994
15,26,27.856517852107515
16,26,27.537287260564884
17,26,27.33943920296105
18,26,27.234066680243654
19,26,27.18346512908708
20,26,27.156717380889333
21,26,27.14568350108005
22,26,27.16762767521702
23,26,27.23705139986963
24,26,27.337259898647535
25,26,27.428669215136264
26,26,27.48286280422484
27,26,27.500559324468508
28,26,27.499237075911104
29,26,27.49381569548697
30,26,27.49016472898049
31,26,27.48860547412279
32,26,27.488119386338603
33,26,27.488005286651624
34,26,27.487985669887024
35,26,27.48798358694802
36,26,27.487983613683888
37,26,27.487983682946407
38,26,27.487983700485543
39,26,27.487983703266803
0,27,27.487983710199924
1,27,27.48798383792703
2,27,27.48798581454724
3,27,27.488009262790122
4,27,27.48822205235882
5,27,27.489695286856534
6,27,27.49744766285461
7,27,27.528278563284488
8,27,27.620106708871646
9,27,27.821670206580063
10,27,28.1372374898159
11,27,28.461215243728862
12,27,28.61103378305245
13,27,28.481450749460414
14,27,28.14911457328647
15,27,27.78900211140726
16,27,27.521030793330368
17,27,27.365045534126445
18,27,27.289685062138062
19,27,27.250287572578934
20,27,27.20231379630269
21,27,27.12866430746916
22,27,27.06503748195398
23,27,27.07407495917172
24,27,27.177649486680963
25,27,27.32631879321297
26,27,27.44657913446883
27,27,27.50419241473164
28,27,27.51349005269049
29,27,27.504209019616404
30,27,27.49489547061792
31,27,27.490145579644935
32,27,27.488495019182256
33,27,27.488076088441066
34,27,27.487996478330224
35,27,27.48798504809004
36,27,27.487983809070485
37,27,27.48798370933942
38,27,27.487983703758214
39,27,27.487983703604247
0,28,27.487983708150498
1,28,27.487983796863624
2,28,27.487985177926923
3,28,27.48800163386218
4,28,27.48815144273101
5,28,27.48919080056068
6,28,27.49466601467423
7,28,27.5164416345311
8,28,27.581214932858952
9,28,27.722896914348887
10,28,27.942900536683428
11,28,28.16373989938562
12,28,28.25406291553785
13,28,28.1416335033674
14,28,27.889519585893574
15,28,27.63212086021046
16,28,27.455490413468166
17,28,27.35898546786606
18,28,27.29783732798387
19,28,27.226073925072864
20,28,27.114300387978567
21,28,26.969069171429997
22,28,26.85397204033401
23,28,26.86322272980743
24,28,27.033241791781816
25,28,27.286337256491176
26,28,27.492885833975755
27,28,27.58282552736122
28,28,27.578765883786055
29,28,27.541117016660493
30,28,27.510201025630597
31,28,27.494924685642356
32,28,27.489631166182704
33,28,27.488282824413773
34,28,27.48802536724835
35,28,27.487988160552327
36,28,27.487984069865448
37,28,27.48798372671824
38,28,27.487983704729526
39,28,27.48798370365428
0,29,27.487983706323387
1,29,27.487983759391835
2,29,27.487984586333038
3,29,27.48799444480524
4,29,27.488084200046487
5,29,27.488706629532295
6,29,27.491981404285404
7,29,27.50497055507848
8,29,27.54338849866102
9,29,27.626355796922027
10,29,27.751093482167054
11,29,27.86373786918172
12,29,27.87712629545145
13,29,27.74921440304307
14,29,27.539065488870484
15,29,27.35724306123188
16,29,27.259049448711185
17,29,27.20316587801576
18,29,27.112460260742214
19,29,26.957551469092742
20,29,26.775651951211845
21,29,26.631616208871932
22,29,26.59498636362093
23,29,26.73391141981035
24,29,27.05709209996891
25,29,27.449865597364163
26,29,27.73362259533505
27,29,27.813950254935712
28,29,27.740741572203873
29,29,27.626591084121316
30,29,27.544554470069723
31,29,27.505492219843113
32,29,27.492124715319527
33,29,27.48873465257874
34,29,27.488088271508303
35,29,27.48799489159912
36,29,27.48798462362636
37,29,27.48798376176654
38,29,27.48798370643881
39,29,27.4879837037188
0,30,27.487983705120698
1,30,27.487983734639993
2,30,27.487984194549806
3,30,27.487989674868494
4,30,27.488039520878587
5,30,27.48838450561529
6,30,27.490192136302017
7,30,27.49729857424292
8,30,27.51789261562592
9,30,27.560143735690986
10,30,27.614548798916953
11,30,27.633747993117826
12,30,27.547826093638953
13,30,27.333117645230043
14,30,27.06916886819368
15,30,26.885238597685245
16,30,26.818517631661532
17,30,26.75358510885322
18,30,26.550921535873616
19,30,26.231728224882964
20,30,25.98378665213149
21,30,25.975859743962484
22,30,26.232961422928927
23,30,26.696938640014285
24,30,27.286276214461694
25,30,27.850219274765582
26,30,28.18843341115122
27,30,28.206305146265432
28,30,28.002563776061713
29,30,27.761602338922636
30,30,27.59822218184042
31,30,27.52191292822527
32,30,27.49598919750433
33,30,27.489433963965762
34,30,27.48818556205409
35,30,27.48800529723271
36,30,27.487985479200525
37,30,27.487983815847095
38,30,27.48798370906687
39,30,27.487983703816997
0,31,27.487983704451302
1,31,27.487983720857226
2,31,27.487983976315913
3,31,27.48798701689558
4,31,27.488014606592763
5,31,27.488204579025183
6,31,27.48918865634927
7,31,27.49295514043503
8,31,27.503153444967534
9,31,27.520156397368822
10,31,27.524903063038735
11,31,27.460407545879107
12,31,27.249320816180735
13,31,26.876393610126946
14,31,26.46575568695831
15,31,26.20542636097238
16,31,26.124477593754747
17,31,25.99889223898156
18,31,25.597512747369976
19,31,25.02683523842162
20,31,24.707115209517003
21,31,24.952307403849943
22,31,25.690286760944165
23,31,26.639025501687208
24,31,27.570963164463098
25,31,28.31180854160208
26,31,28.68180954723965
27,31,28.61616080118972
28,31,28.270572421345094
29,31,27.898408441101683
30,31,27.652336345167985
31,31,27.538431113585876
32,31,27.499872193192473
33,31,27.49013623673633
34,31,27.488283237960186
35,31,27.488015742636925
36,31,27.487986337977862
37,31,27.487983870126666
38,31,27.48798371170433
39,31,27.487983703915518
0,32,27.487983704064252
1,32,27.48798371288819
2,32,27.487983850134736
3,32,27.48798547978646
4,32,27.488000188592686
5,32,27.488100253393867
6,32,27.488604047692462
7,32,27.49039719447038
8,32,27.494270504050426
9,32,27.494950024870928
10,32,27.463962417370613
11,32,27.32992579444084
12,32,26.999857824579216
13,32,26.462131003924856
14,32,25.888482170943192
15,32,25.53246848446
16,32,25.41907382348029
17,32,25.216755903906325
18,32,24.6049557945395
19,32,23.779164684686467
20,32,23.392197659115908
21,32,23.895402602384518
22,32,25.104873654517633
23,32,26.50020711675595
24,32,27.70729060286806
25,32,28.554570356194244
26,32,28.925349246449283
27,32,28.80663824210728
28,32,28.390553991679912
29,32,27.958459113904897
30,32,27.67586260628844
31,32,27.54558005116806
32,32,27.501549206461338
33,32,27.49043924636442
34,32,27.488325363481717
35,32,27.488020246594456
36,32,27.48798670823932
37,32,27.487983893528238
38,32,27.48798371284139
39,32,27.48798370395799
0,33,27.48798370382622
1,33,27.487983707988292
2,33,27.487983772575905
3,33,27.487984535542875
4,33,27.487991341482495
5,33,27.4880363770033
6,33,27.488247674366804
7,33,27.488851732647156
8,33,27.48899753919003
9,33,27.480466952740585
10,33,27.43072883044153
11,33,27.26337480686536
12,33,26.880574302554795
13,33,26.273074931951857
14,33,25.631662549412766
15,33,25.235248812537144
16,33,25.10479012718773
17,33,24.86272342497761
18,33,24.153992158022064
19,33,23.218673812779272
20,33,22.812924920967305
21,33,23.440772118598844
22,33,24.85158935523461
23,33,26.400106690786874
24,33,27.64495093588254
25,33,28.44788018592008
26,33,28.77244059653245
27,33,28.655848621770375
28,33,28.283205754419814
29,33,27.901428274558874
30,33,27.652885336426426
31,33,27.53850741670351
32,33,27.49988031814488
33,33,27.49013689998746
34,33,27.488283279461815
35,33,27.488015744626352
36,33,27.487986338050852
37,33,27.487983870128712
38,33,27.487983711704373
39,33,27.487983703915518
0,34,27.4879837036951
1,34,27.48798370529068
2,34,27.487983729927493
3,34,27.487984017661848
4,34,27.48798651650632
5,34,27.488001968971677
6,34,27.488060875185138
7,34,27.48808939052015
8,34,27.48673218402197
9,34,27.47601898575881
10,34,27.427409698223496
11,34,27.27565151264835
12,34,26.937817575449017
13,34,26.40716098998388
14,34,25.849124252998166
15,34,25.50455649966437
16,34,25.38907649372014
17,34,25.171846762970784
18,34,24.54546795908537
19,34,23.72654584476716
20,34,23.381400638289517
21,34,23.945828460165522
22,34,25.181421509369162
23,34,26.499492142236495
24,34,27.508431345507905
25,34,28.119757174122473
26,34,28.3558025984558
27,34,28.277777497984356
28,34,28.0250394309975
29,34,27.766932558789858
30,34,27.5991844549512
31,34,27.52204564651939
32,34,27.4960031955591
33,34,27.489435092547545
34,34,27.488185631514842
35,34,27.488005300489316
36,34,27.487985479316617
37,34,27.487983815850267
38,34,27.487983709066942
39,34,27.487983703816997
0,35,27.487983703637934
1,35,27.487983704116306
2,35,27.487983711420643
3,35,27.487983794526624
4,35,27.487984470430263
5,35,27.487987898731728
6,35,27.487990870971572
7,35,27.487864424090372
8,35,27.486517978544573
9,35,27.478357147237073
10,35,27.444140187016945
11,35,27.34039070880359
12,35,27.112040774956633
13,35,26.754936416865036
14,35,26.380049427649382
15,35,26.148629907544358
16,35,26.07038568069949
17,35,25.922371373875414
18,35,25.498517041993768
19,35,24.946500925165765
20,35,24.71602404046805
21,35,25.098034998517495
22,35,25.92446931903792
23,35,26.789586450707674
24,35,27.42827481331722
25,35,27.796390592852976
26,35,27.934523067397272
27,35,27.897188477889436
28,35,27.766423464148946
29,35,27.63257995869166
30,35,27.545615400582466
31,35,27.505635077528087
32,35,27.49213930500312
33,35,27.488735777370714
34,35,27.48808833648824
35,35,27.48799489439863
36,35,27.487984623721776
37,35,27.487983761770572
38,35,27.487983706439177
39,35,27.48798370371884
0,36,27.487983703619012
1,36,27.487983703728933
2,36,27.48798370536477
3,36,27.487983722820406
4,36,27.487983840077327
5,36,27.487984002259907
6,36,27.487977056195085
7,36,27.487877883523588
8,36,27.48708048600926
9,36,27.48263473239399
10,36,27.464569137125153
11,36,27.4104726938857
12,36,27.29200222693482
13,36,27.10709597254935
14,36,26.91312972972682
15,36,26.793404395005023
16,36,26.752758814663938
17,36,26.67567917697987
18,36,26.455638353191773
19,36,26.169506456568925
20,36,26.050301294039688
21,36,26.24776387509859
22,36,26.672336484864978
23,36,27.110773758296073
24,36,27.425468053711874
25,36,27.599441183648885
26,36,27.663417065552014
27,36,27.65064057036366
28,36,27.598878791945236
29,36,27.54558718586034
30,36,27.510942415146207
31,36,27.49501524578978
32,36,27.48963908172321
33,36,27.48828328808388
34,36,27.488025383342865
35,36,27.487988161369476
36,36,27.48798407013046
37,36,27.487983726779717
38,36,27.48798370473895
39,36,27.48798370365533
0,37,27.487983703614297
1,37,27.487983703633283
2,37,27.48798370389856
3,37,27.487983706248325
4,37,27.487983711073646
5,37,27.487983485476104
6,37,27.487979192972137
7,37,27.487933638615978
8,37,27.487598076152803
9,37,27.485788122447687
10,37,27.47853153082471
11,37,27.456922100037417
12,37,27.409703931147956
13,37,27.336072023963126
14,37,27.25885883432057
15,37,27.2112008984814
16,37,27.19499112608726
17,37,27.16421666015135
18,37,27.076486244719536
19,37,26.96247312256833
20,37,26.914960412780747
21,37,26.99330154768317
22,37,27.1611376111521
23,37,27.332686827028667
24,37,27.45309316802685
25,37,27.517358130630992
26,37,27.540619676693776
27,37,27.53761019501663
28,37,27.52192124042959
29,37,27.50562205492931
30,37,27.495014321698335
31,37,27.49013697271534
32,37,27.488490627351105
33,37,27.48807544452146
34,37,27.487996467053083
35,37,27.487985068695217
36,37,27.48798381585041
37,37,27.487983710707447
38,37,27.48798370395799
39,37,27.487983703626156
0,38,27.487983703613416
1,38,27.48798370361579
2,38,27.487983703643398
3,38,27.487983703723984
4,38,27.48798369938824
5,38,27.48798359002425
6,38,27.48798206379363
7,38,27.48796727414872
8,38,27.487862028017677
9,38,27.487302356074796
10,38,27.485071826006465
11,38,27.478446045105994
12,38,27.463982931942148
13,38,27.44143823406687
14,38,27.417800693414776
15,38,27.40321124053008
16,38,27.398244714008154
17,38,27.388810847974344
18,38,27.36193388470021
19,38,27.327012093095707
20,38,27.312444653122636
21,38,27.33634021484288
22,38,27.38741255154503
23,38,27.4392054695157
24,38,27.474914225408167
25,38,27.49341888729183
26,38,27.500030059889315
27,38,27.499605415815374
28,38,27.495964970292885
29,38,27.4921352304639
30,38,27.48963875383893
31,38,27.48849060946466
32,38,27.488103039964148
33,38,27.488005300584252
34,38,27.487986708286385
35,38,27.487984024970483
36,38,27.487983730035285
37,38,27.487983705283334
38,38,27.48798370369443
39,38,27.48798370361631
0,39,27.487983703613295
1,39,27.487983703613484
2,39,27.487983703614255
3,39,27.48798370356494
4,39,27.487983701923007
5,39,27.487983671872826
6,39,27.487983289950176
7,39,27.487979718549237
8,39,27.48795467641488
9,39,27.487822343856735
10,39,27.487296354841043
11,39,27.485735665591232
12,39,27.48233047724456
13,39,27.477023531205404
14,39,27.471459726653283
15,39,27.468025685780603
16,39,27.46685621616259
17,39,27.46463429371308
18,39,27.458305798693658
19,39,27.450083439161016
20,39,27.446649852023462
21,39,27.452256187344496
22,39,27.464218845610127
23,39,27.476276625948554
24,39,27.484472598077307
25,39,27.488617032601145
26,39,27.490081613364907
27,39,27.49007217878591
28,39,27.489426089011708
29,39,27.488734814934215
30,39,27.488283209218427
31,39,27.48807543964263
32,39,27.48800530037965
33,39,27.48798761210559
34,39,27.487984247381252
35,39,27.4879837617706
36,39,27.487983708394978
37,39,27.487983703915518
38,39,27.487983703627968
39,39,27.48798370361383
