0.0000,0.0000,0.0000,0.0000,0.0000,0.0000,0.0000,0.0000,0.0000,0.0000,0.0000,0.0000,0.0000,0.0000,0.0000,0.0000,0.0000,0.0000,0.0000,32.8635,0.0000,0.0000,0.0000,0.0000,0.0000,0.0000,0.0000,0.0000,0.0000,0.0000,0.0000,0.0000,0.0000,0.0000,0.0000,0.0000,0.0000,0.0000,0.0000,0.0000
0.0000,0.0000,0.0000,0.0000,0.0000,0.0000,0.0000,0.0000,0.0000,0.0000,0.0000,0.0000,0.0000,0.0000,0.0000,0.0000,33.4181,32.8858,32.5484,0.0000,0.0000,0.0000,0.0000,0.0000,0.0000,0.0000,0.0000,0.0000,0.0000,0.0000,0.0000,0.0000,0.0000,0.0000,0.0000,0.0000,0.0000,0.0000,0.0000,0.0000
0.0000,0.0000,0.0000,0.0000,0.0000,0.0000,0.0000,0.0000,0.0000,0.0000,0.0000,0.0000,0.0000,32.7517,0.0000,0.0000,0.0000,31.7306,31.7205,31.8931,31.9615,0.0000,0.0000,0.0000,0.0000,0.0000,0.0000,0.0000,0.0000,0.0000,0.0000,0.0000,0.0000,0.0000,0.0000,0.0000,0.0000,0.0000,0.0000,0.0000
0.0000,0.0000,0.0000,0.0000,0.0000,0.0000,0.0000,0.0000,0.0000,0.0000,0.0000,0.0000,29.3280,29.5083,29.7027,29.9070,30.2607,30.9661,31.7089,32.1527,32.2033,31.9586,0.0000,0.0000,0.0000,0.0000,0.0000,0.0000,0.0000,0.0000,0.0000,0.0000,0.0000,0.0000,0.0000,0.0000,0.0000,0.0000,0.0000,0.0000
0.0000,0.0000,0.0000,0.0000,0.0000,0.0000,34.7670,33.2528,31.1551,29.4734,27.9225,27.0375,26.5191,26.3024,26.6881,27.5518,28.5657,29.7225,30.7706,31.4330,31.5800,31.3563,0.0000,0.0000,0.0000,0.0000,0.0000,0.0000,0.0000,0.0000,0.0000,0.0000,0.0000,0.0000,0.0000,0.0000,0.0000,0.0000,0.0000,0.0000
0.0000,0.0000,0.0000,0.0000,0.0000,0.0000,33.7365,32.3959,30.4452,28.2389,26.9309,26.3963,26.2883,26.1931,26.1123,26.0532,26.7223,28.0029,29.2789,30.1749,30.3265,30.1907,0.0000,0.0000,0.0000,0.0000,0.0000,0.0000,0.0000,0.0000,0.0000,0.0000,0.0000,0.0000,0.0000,0.0000,0.0000,0.0000,0.0000,0.0000
0.0000,0.0000,0.0000,0.0000,0.0000,33.5186,32.8104,31.4573,29.5894,27.9291,27.0664,26.8831,26.8577,26.7784,26.7214,26.6773,26.6436,26.6948,27.4213,28.2843,28.7648,28.8516,0.0000,0.0000,0.0000,0.0000,0.0000,0.0000,0.0000,0.0000,0.0000,0.0000,0.0000,0.0000,0.0000,0.0000,0.0000,0.0000,0.0000,0.0000
0.0000,0.0000,0.0000,0.0000,0.0000,31.7684,31.2895,30.3541,29.4488,28.9222,28.1131,27.4092,27.3142,27.2734,27.2224,27.1638,27.0629,26.9733,26.8644,26.9071,27.2607,27.5602,0.0000,0.0000,0.0000,0.0000,0.0000,0.0000,0.0000,0.0000,0.0000,0.0000,0.0000,0.0000,0.0000,0.0000,0.0000,0.0000,0.0000,0.0000
0.0000,0.0000,0.0000,0.0000,0.0000,0.0000,0.0000,30.5910,30.2431,29.7989,29.1757,28.3242,27.6692,27.5570,27.5749,27.5480,27.4658,27.2875,27.0981,26.9262,26.7119,26.7134,0.0000,0.0000,0.0000,0.0000,0.0000,0.0000,0.0000,0.0000,0.0000,0.0000,0.0000,0.0000,0.0000,0.0000,0.0000,0.0000,0.0000,0.0000
0.0000,0.0000,0.0000,0.0000,0.0000,0.0000,0.0000,30.9050,30.8524,30.7526,30.1908,29.4722,28.4944,27.6074,27.5479,27.6740,27.7281,27.6399,27.4936,27.4115,27.3354,27.0946,26.5311,0.0000,0.0000,0.0000,0.0000,0.0000,0.0000,0.0000,0.0000,0.0000,0.0000,0.0000,0.0000,0.0000,0.0000,0.0000,0.0000,0.0000
0.0000,0.0000,0.0000,0.0000,0.0000,0.0000,30.3302,31.0148,31.1506,31.0217,30.6733,30.2207,29.6523,28.8769,27.8239,27.5985,27.5742,27.4589,27.2745,27.3047,27.6367,27.8903,26.9795,0.0000,0.0000,0.0000,0.0000,0.0000,0.0000,0.0000,0.0000,0.0000,0.0000,0.0000,0.0000,0.0000,0.0000,0.0000,0.0000,0.0000
0.0000,0.0000,0.0000,0.0000,0.0000,0.0000,29.7473,30.9745,31.1632,31.1774,31.0297,30.8006,30.4043,30.1266,29.4963,28.3364,27.5413,27.1322,26.8619,26.8484,27.4379,28.1521,26.7830,0.0000,21.8662,0.0000,0.0000,0.0000,0.0000,0.0000,0.0000,0.0000,0.0000,0.0000,0.0000,0.0000,0.0000,0.0000,0.0000,0.0000
0.0000,0.0000,0.0000,0.0000,0.0000,0.0000,0.0000,30.7075,31.2413,31.4510,31.5880,31.4003,31.0991,30.8944,30.6918,30.0760,28.4363,27.1299,26.7149,26.3984,26.4988,26.5189,24.7126,21.1368,18.9754,0.0000,0.0000,0.0000,0.0000,0.0000,0.0000,0.0000,0.0000,0.0000,0.0000,0.0000,0.0000,0.0000,0.0000,0.0000
0.0000,0.0000,0.0000,0.0000,0.0000,0.0000,0.0000,29.8688,31.2667,31.8770,32.1357,32.0622,31.7300,31.4282,31.2183,30.6686,29.4454,27.8818,27.0286,26.6569,25.9880,24.9156,22.7056,19.1494,17.1235,17.9645,0.0000,0.0000,0.0000,0.0000,0.0000,0.0000,0.0000,0.0000,0.0000,0.0000,0.0000,0.0000,0.0000,0.0000
0.0000,0.0000,0.0000,0.0000,0.0000,0.0000,0.0000,0.0000,30.7859,32.0740,32.5182,32.3845,32.1103,31.9206,31.7309,31.2775,30.3510,28.9360,27.8690,27.8157,26.8403,25.0194,22.6743,19.9260,18.3673,18.5678,0.0000,0.0000,0.0000,0.0000,0.0000,0.0000,0.0000,0.0000,0.0000,0.0000,0.0000,0.0000,0.0000,26.0010
0.0000,0.0000,0.0000,0.0000,0.0000,0.0000,0.0000,27.1042,29.6302,31.4115,32.3234,32.4072,32.2415,32.0668,32.1669,32.1126,31.0797,29.8149,28.9233,28.7633,27.7165,25.6699,23.5001,21.5451,20.1618,19.4399,0.0000,0.0000,0.0000,0.0000,0.0000,0.0000,0.0000,0.0000,0.0000,21.0337,0.0000,0.0000,0.0000,0.0000
0.0000,0.0000,0.0000,0.0000,21.0505,21.8780,23.4707,25.4025,28.1100,30.2657,31.7834,32.6965,32.3266,31.9475,32.0163,31.8726,31.0508,29.9434,29.2424,28.4158,27.2975,25.6438,23.9080,22.3756,21.0400,19.9615,0.0000,0.0000,0.0000,0.0000,0.0000,17.2956,17.8541,0.0000,0.0000,0.0000,0.0000,0.0000,0.0000,0.0000
0.0000,0.0000,19.4668,0.0000,0.0000,0.0000,22.5663,24.1437,26.1762,28.5942,30.5269,31.8128,32.1116,31.5866,31.3717,31.0663,30.4093,29.5262,28.5894,27.4230,26.2594,25.0305,23.7474,22.4597,21.1047,19.7787,0.0000,0.0000,18.9532,17.8807,16.7017,0.0000,0.0000,0.0000,18.9098,19.4539,20.0811,20.7242,21.3631,0.0000
0.0000,0.0000,0.0000,0.0000,0.0000,0.0000,0.0000,0.0000,0.0000,26.8139,28.7797,30.1611,30.9563,31.1791,30.6496,30.2189,29.5746,28.6434,27.5937,26.2697,25.1351,24.2416,23.1534,22.0940,20.8003,19.2936,18.3194,19.4884,19.9483,19.1473,18.1596,18.0886,18.3498,18.7063,0.0000,0.0000,0.0000,0.0000,0.0000,0.0000
0.0000,0.0000,0.0000,0.0000,0.0000,0.0000,0.0000,0.0000,0.0000,0.0000,27.3832,28.6216,29.7012,30.1154,30.0759,29.3974,28.5615,27.5446,26.4516,25.0932,24.0417,23.4042,22.6935,21.7880,20.8385,19.7010,19.0336,0.0000,0.0000,0.0000,0.0000,0.0000,0.0000,0.0000,0.0000,0.0000,0.0000,0.0000,0.0000,0.0000
0.0000,0.0000,0.0000,0.0000,0.0000,0.0000,0.0000,0.0000,0.0000,0.0000,26.9980,28.1699,28.6356,28.8501,28.8854,28.6688,27.5280,26.4057,25.1303,23.8281,22.7247,22.3287,22.0118,21.6459,20.9795,20.3965,19.9287,0.0000,0.0000,0.0000,0.0000,0.0000,0.0000,0.0000,0.0000,0.0000,0.0000,0.0000,0.0000,0.0000
0.0000,0.0000,0.0000,0.0000,0.0000,0.0000,0.0000,0.0000,22.5006,0.0000,26.7055,28.2715,27.7261,27.0578,27.0937,27.2063,26.5014,25.2244,23.7924,22.3079,21.0864,20.7501,21.0439,21.2869,21.2410,20.8220,20.5806,0.0000,0.0000,0.0000,0.0000,0.0000,0.0000,0.0000,0.0000,0.0000,0.0000,0.0000,0.0000,0.0000
0.0000,0.0000,0.0000,0.0000,0.0000,0.0000,0.0000,0.0000,0.0000,23.1999,25.3254,26.9222,26.3843,25.2626,24.7834,25.0748,24.9039,24.1021,22.5689,20.8816,19.3800,18.7651,19.5640,20.7914,21.3435,21.3620,21.0278,0.0000,0.0000,0.0000,0.0000,0.0000,0.0000,0.0000,0.0000,0.0000,0.0000,0.0000,0.0000,0.0000
0.0000,0.0000,0.0000,0.0000,0.0000,0.0000,0.0000,0.0000,0.0000,21.4890,23.0179,24.1395,23.9884,23.3020,22.9625,22.9889,23.0059,22.6206,21.6836,20.0081,18.3654,17.4925,18.5868,20.3972,21.5809,21.8569,21.6740,21.2591,0.0000,0.0000,0.0000,0.0000,0.0000,0.0000,0.0000,0.0000,0.0000,0.0000,0.0000,0.0000
0.0000,0.0000,17.0031,17.1745,17.2611,0.0000,0.0000,18.3015,18.9736,19.6150,20.5123,21.1909,21.3850,21.0528,21.2887,21.7025,21.8847,21.4942,20.7978,19.8279,18.7411,18.2371,19.2470,20.9739,22.1814,22.5269,22.2579,21.8295,0.0000,0.0000,0.0000,0.0000,0.0000,0.0000,0.0000,0.0000,0.0000,0.0000,0.0000,0.0000
0.0000,0.0000,16.5183,16.5398,16.6161,16.7929,17.0243,17.2938,17.7691,18.0274,18.3897,18.7724,19.1514,19.1566,19.7849,20.7541,21.3825,21.2171,20.7200,20.0461,19.6675,19.7147,20.7427,22.4157,23.4044,23.2750,22.7982,22.2862,21.8487,0.0000,0.0000,0.0000,0.0000,0.0000,0.0000,0.0000,0.0000,0.0000,0.0000,0.0000
0.0000,0.0000,16.0364,15.9890,16.0126,16.1495,16.3097,16.4181,16.7528,16.8262,16.7576,16.9678,17.7220,18.3325,18.9262,20.0892,20.9805,21.0614,20.7771,20.3851,20.1885,20.5338,21.5449,23.1134,24.0037,23.5301,22.8419,22.4480,22.1057,0.0000,0.0000,0.0000,0.0000,0.0000,0.0000,0.0000,0.0000,0.0000,0.0000,0.0000
0.0000,0.0000,15.5855,15.4922,15.4616,15.5670,15.6888,15.7988,15.9795,16.0070,15.8380,15.7654,16.2144,17.8840,18.6966,19.8221,20.7345,21.0301,20.7711,20.5046,20.3477,20.6674,21.4677,22.5655,23.1956,22.9861,22.5070,22.2110,0.0000,0.0000,0.0000,0.0000,0.0000,0.0000,0.0000,0.0000,0.0000,0.0000,0.0000,0.0000
0.0000,0.0000,0.0000,15.0401,14.9638,0.0000,15.1808,15.3363,15.4452,0.0000,0.0000,15.5081,16.2986,17.7636,18.7019,19.7140,20.5037,20.9909,20.7277,20.4378,20.3007,20.4609,21.0143,21.7014,22.1203,22.1740,22.0565,21.9677,21.9241,0.0000,0.0000,0.0000,0.0000,0.0000,0.0000,0.0000,0.0000,0.0000,0.0000,0.0000
0.0000,0.0000,0.0000,0.0000,0.0000,0.0000,0.0000,0.0000,0.0000,0.0000,0.0000,15.7432,16.5513,17.8910,18.8536,19.6569,20.3319,20.7816,20.6045,20.2175,20.0434,20.1083,20.5107,21.0074,21.4457,21.6883,21.8165,21.8705,21.8792,0.0000,0.0000,0.0000,0.0000,0.0000,0.0000,0.0000,0.0000,0.0000,0.0000,0.0000
0.0000,0.0000,0.0000,0.0000,0.0000,0.0000,0.0000,0.0000,14.8594,0.0000,0.0000,15.9394,16.6142,17.8735,18.9861,19.5606,20.1330,20.3985,20.4068,19.9339,19.7509,19.8185,20.0653,20.6055,21.1257,21.5952,21.8955,22.0181,22.0199,0.0000,0.0000,0.0000,0.0000,0.0000,0.0000,0.0000,0.0000,0.0000,0.0000,0.0000
0.0000,0.0000,0.0000,0.0000,0.0000,0.0000,0.0000,0.0000,14.6994,15.0801,15.5220,15.9872,16.6539,17.6738,18.8863,19.4300,19.8449,20.0863,20.1939,19.9247,19.6639,19.6370,19.8730,20.4083,21.1582,21.8928,22.3620,0.0000,0.0000,0.0000,21.9475,0.0000,0.0000,0.0000,0.0000,0.0000,0.0000,0.0000,0.0000,0.0000
0.0000,0.0000,0.0000,0.0000,0.0000,0.0000,0.0000,0.0000,0.0000,0.0000,15.4463,15.9117,16.5852,17.3224,18.6257,19.3656,19.5513,19.8430,20.0665,19.9975,19.5558,19.3735,19.6900,20.3626,21.4397,22.4766,23.0268,22.9135,22.5402,0.0000,0.0000,0.0000,0.0000,0.0000,0.0000,0.0000,0.0000,0.0000,0.0000,0.0000
0.0000,0.0000,0.0000,0.0000,0.0000,0.0000,0.0000,0.0000,0.0000,0.0000,0.0000,0.0000,16.4187,17.0866,18.2042,19.2248,19.2823,19.5168,19.5663,19.1589,18.6281,18.7141,19.3904,20.3879,21.6213,22.8053,23.3199,23.0787,0.0000,0.0000,0.0000,0.0000,0.0000,0.0000,0.0000,0.0000,0.0000,0.0000,0.0000,0.0000
0.0000,0.0000,0.0000,0.0000,0.0000,0.0000,0.0000,0.0000,0.0000,0.0000,15.1029,0.0000,16.1948,16.8404,17.7041,18.9238,19.1575,19.1737,19.1152,18.4998,17.9884,18.3272,19.2358,20.3405,21.4676,22.4772,22.8777,22.7158,0.0000,0.0000,0.0000,0.0000,0.0000,0.0000,0.0000,0.0000,0.0000,0.0000,0.0000,0.0000
0.0000,0.0000,0.0000,0.0000,0.0000,0.0000,0.0000,0.0000,0.0000,0.0000,0.0000,0.0000,15.9631,16.5786,17.4094,18.5418,19.1237,19.0138,19.0343,18.7345,18.4263,18.8355,19.5134,20.3663,0.0000,21.7864,0.0000,0.0000,0.0000,0.0000,0.0000,0.0000,0.0000,0.0000,0.0000,0.0000,0.0000,0.0000,0.0000,0.0000
0.0000,0.0000,0.0000,0.0000,0.0000,0.0000,0.0000,0.0000,0.0000,0.0000,0.0000,0.0000,15.7234,16.3400,17.1771,18.1431,19.1442,19.0928,19.1531,0.0000,0.0000,0.0000,0.0000,0.0000,0.0000,0.0000,0.0000,0.0000,0.0000,0.0000,0.0000,0.0000,0.0000,0.0000,0.0000,0.0000,0.0000,0.0000,0.0000,0.0000
0.0000,0.0000,0.0000,0.0000,0.0000,0.0000,0.0000,0.0000,0.0000,0.0000,0.0000,0.0000,0.0000,16.1333,16.9631,0.0000,19.0018,0.0000,0.0000,0.0000,0.0000,0.0000,0.0000,0.0000,0.0000,0.0000,0.0000,0.0000,0.0000,0.0000,0.0000,0.0000,0.0000,0.0000,0.0000,0.0000,0.0000,0.0000,0.0000,0.0000
0.0000,0.0000,0.0000,0.0000,0.0000,0.0000,0.0000,0.0000,0.0000,0.0000,0.0000,0.0000,0.0000,0.0000,16.7780,0.0000,0.0000,0.0000,0.0000,0.0000,0.0000,0.0000,0.0000,0.0000,0.0000,0.0000,0.0000,0.0000,0.0000,0.0000,0.0000,0.0000,0.0000,0.0000,0.0000,0.0000,0.0000,0.0000,0.0000,0.0000
0.0000,0.0000,0.0000,0.0000,0.0000,0.0000,0.0000,0.0000,0.0000,0.0000,0.0000,0.0000,0.0000,0.0000,0.0000,0.0000,0.0000,0.0000,0.0000,0.0000,0.0000,0.0000,0.0000,0.0000,0.0000,0.0000,0.0000,0.0000,0.0000,0.0000,0.0000,0.0000,0.0000,0.0000,0.0000,0.0000,0.0000,0.0000,0.0000,0.0000
