562,918
725,891
534,838
344,731
670,705
372,705
589,625
317,572
725,492
779,492
833,466
317,439
534,412
426,412
290,386
670,359
426,333
589,306
263,253
236,146
534,120
507,731
426,918
344,173
589,545
507,226
426,120
643,811
344,838
372,253
534,14
453,40
480,40
507,40
372,67
480,67
507,67
534,67
562,67
344,93
372,93
399,93
426,93
453,93
480,93
507,93
534,93
562,93
589,93
181,120
209,120
236,120
263,120
290,120
317,120
344,120
372,120
399,120
453,120
480,120
507,120
562,120
589,120
181,146
209,146
263,146
290,146
317,146
344,146
372,146
399,146
426,146
453,146
480,146
507,146
534,146
562,146
589,146
154,173
181,173
209,173
236,173
263,173
290,173
317,173
372,173
399,173
426,173
453,173
480,173
507,173
534,173
562,173
589,173
154,200
181,200
209,200
236,200
263,200
290,200
317,200
344,200
372,200
399,200
426,200
453,200
480,200
507,200
534,200
562,200
589,200
209,226
236,226
263,226
290,226
317,226
344,226
372,226
399,226
426,226
453,226
480,226
534,226
562,226
589,226
209,253
236,253
290,253
317,253
344,253
399,253
426,253
453,253
480,253
507,253
534,253
562,253
589,253
616,253
181,279
209,279
236,279
263,279
290,279
317,279
344,279
372,279
399,279
426,279
453,279
480,279
507,279
534,279
562,279
589,279
616,279
181,306
209,306
236,306
263,306
290,306
317,306
344,306
372,306
399,306
426,306
453,306
480,306
507,306
534,306
562,306
616,306
670,306
209,333
236,333
263,333
290,333
317,333
344,333
372,333
399,333
453,333
480,333
507,333
534,333
562,333
589,333
616,333
643,333
670,333
209,359
236,359
263,359
290,359
317,359
344,359
372,359
399,359
426,359
453,359
480,359
507,359
534,359
562,359
589,359
616,359
643,359
697,359
236,386
263,386
317,386
344,386
372,386
399,386
426,386
453,386
480,386
507,386
534,386
562,386
589,386
616,386
643,386
670,386
697,386
1078,386
209,412
236,412
263,412
290,412
317,412
344,412
372,412
399,412
453,412
480,412
507,412
562,412
589,412
616,412
643,412
670,412
697,412
969,412
127,439
154,439
181,439
209,439
236,439
263,439
290,439
344,439
372,439
399,439
426,439
480,439
507,439
534,439
562,439
589,439
616,439
643,439
670,439
697,439
860,439
887,439
73,466
181,466
209,466
236,466
263,466
290,466
317,466
344,466
372,466
399,466
426,466
453,466
480,466
507,466
534,466
562,466
589,466
616,466
643,466
670,466
697,466
779,466
806,466
942,466
969,466
996,466
1023,466
1050,466
263,492
290,492
317,492
344,492
372,492
399,492
426,492
453,492
480,492
507,492
534,492
562,492
589,492
616,492
643,492
670,492
697,492
752,492
806,492
833,492
860,492
887,492
915,492
290,519
317,519
344,519
372,519
399,519
426,519
453,519
480,519
507,519
534,519
562,519
589,519
616,519
643,519
670,519
697,519
725,519
290,545
317,545
344,545
372,545
399,545
426,545
453,545
480,545
507,545
534,545
562,545
616,545
643,545
670,545
697,545
725,545
236,572
290,572
344,572
372,572
399,572
426,572
453,572
480,572
507,572
534,572
562,572
589,572
616,572
643,572
670,572
697,572
725,572
263,598
290,598
317,598
344,598
372,598
399,598
426,598
453,598
480,598
507,598
534,598
562,598
616,598
643,598
670,598
697,598
725,598
263,625
290,625
317,625
344,625
372,625
399,625
426,625
453,625
480,625
507,625
534,625
562,625
616,625
643,625
670,625
697,625
725,625
752,625
73,652
100,652
127,652
209,652
236,652
263,652
290,652
317,652
344,652
372,652
399,652
426,652
453,652
480,652
507,652
534,652
562,652
589,652
616,652
643,652
670,652
697,652
725,652
752,652
73,678
100,678
127,678
154,678
181,678
209,678
236,678
263,678
290,678
317,678
344,678
372,678
399,678
426,678
453,678
480,678
507,678
534,678
562,678
589,678
616,678
643,678
670,678
697,678
725,678
752,678
779,678
73,705
100,705
127,705
154,705
181,705
209,705
236,705
263,705
290,705
317,705
344,705
399,705
426,705
453,705
480,705
507,705
534,705
562,705
589,705
616,705
643,705
697,705
779,705
73,731
100,731
127,731
154,731
209,731
236,731
263,731
290,731
317,731
372,731
399,731
426,731
453,731
480,731
534,731
562,731
589,731
616,731
643,731
670,731
697,731
752,731
100,758
127,758
181,758
209,758
236,758
317,758
344,758
372,758
399,758
426,758
453,758
480,758
507,758
534,758
562,758
589,758
616,758
643,758
670,758
697,758
725,758
752,758
779,758
317,785
344,785
372,785
399,785
426,785
453,785
480,785
507,785
534,785
562,785
589,785
616,785
643,785
670,785
697,785
725,785
752,785
779,785
236,811
317,811
344,811
372,811
399,811
426,811
453,811
480,811
507,811
534,811
562,811
589,811
616,811
670,811
697,811
725,811
752,811
779,811
236,838
263,838
290,838
317,838
372,838
399,838
426,838
453,838
480,838
507,838
562,838
589,838
616,838
643,838
670,838
697,838
725,838
833,838
290,864
317,864
344,864
372,864
399,864
426,864
453,864
480,864
507,864
534,864
562,864
589,864
616,864
643,864
670,864
697,864
725,864
752,864
779,864
344,891
372,891
399,891
426,891
453,891
480,891
507,891
534,891
562,891
589,891
616,891
643,891
670,891
697,891
752,891
290,918
344,918
372,918
399,918
453,918
480,918
507,918
534,918
589,918
616,918
643,918
670,918
697,918
725,918
752,918
344,944
372,944
399,944
426,944
453,944
480,944
507,944
534,944
562,944
589,944
616,944
643,944
697,944
344,971
372,971
399,971
426,971
453,971
480,971
507,971
372,997
399,997
453,997
399,1024
