0.000000000000000000e+00,0.000000000000000000e+00,0.000000000000000000e+00,0.000000000000000000e+00,0.000000000000000000e+00,0.000000000000000000e+00,0.000000000000000000e+00,0.000000000000000000e+00,0.000000000000000000e+00,0.000000000000000000e+00,0.000000000000000000e+00,0.000000000000000000e+00,0.000000000000000000e+00,0.000000000000000000e+00,0.000000000000000000e+00,0.000000000000000000e+00,0.000000000000000000e+00,0.000000000000000000e+00,0.000000000000000000e+00,2.851029396057128906e+01,0.000000000000000000e+00,0.000000000000000000e+00,0.000000000000000000e+00,0.000000000000000000e+00,0.000000000000000000e+00,0.000000000000000000e+00,0.000000000000000000e+00,0.000000000000000000e+00,0.000000000000000000e+00,0.000000000000000000e+00,0.000000000000000000e+00,0.000000000000000000e+00,0.000000000000000000e+00,0.000000000000000000e+00,0.000000000000000000e+00,0.000000000000000000e+00,0.000000000000000000e+00,0.000000000000000000e+00,0.000000000000000000e+00,0.000000000000000000e+00
0.000000000000000000e+00,0.000000000000000000e+00,0.000000000000000000e+00,0.000000000000000000e+00,0.000000000000000000e+00,0.000000000000000000e+00,0.000000000000000000e+00,0.000000000000000000e+00,0.000000000000000000e+00,0.000000000000000000e+00,0.000000000000000000e+00,0.000000000000000000e+00,0.000000000000000000e+00,0.000000000000000000e+00,0.000000000000000000e+00,0.000000000000000000e+00,2.853444862365722656e+01,2.857474136352539062e+01,2.860893440246582031e+01,0.000000000000000000e+00,0.000000000000000000e+00,0.000000000000000000e+00,0.000000000000000000e+00,0.000000000000000000e+00,0.000000000000000000e+00,0.000000000000000000e+00,0.000000000000000000e+00,0.000000000000000000e+00,0.000000000000000000e+00,0.000000000000000000e+00,0.000000000000000000e+00,0.000000000000000000e+00,0.000000000000000000e+00,0.000000000000000000e+00,0.000000000000000000e+00,0.000000000000000000e+00,0.000000000000000000e+00,0.000000000000000000e+00,0.000000000000000000e+00,0.000000000000000000e+00
0.000000000000000000e+00,0.000000000000000000e+00,0.000000000000000000e+00,0.000000000000000000e+00,0.000000000000000000e+00,0.000000000000000000e+00,0.000000000000000000e+00,0.000000000000000000e+00,0.000000000000000000e+00,0.000000000000000000e+00,0.000000000000000000e+00,0.000000000000000000e+00,0.000000000000000000e+00,2.826589775085449219e+01,0.000000000000000000e+00,0.000000000000000000e+00,0.000000000000000000e+00,2.871439361572265625e+01,2.876143455505371094e+01,2.878194618225097656e+01,2.878076744079589844e+01,0.000000000000000000e+00,0.000000000000000000e+00,0.000000000000000000e+00,0.000000000000000000e+00,0.000000000000000000e+00,0.000000000000000000e+00,0.000000000000000000e+00,0.000000000000000000e+00,0.000000000000000000e+00,0.000000000000000000e+00,0.000000000000000000e+00,0.000000000000000000e+00,0.000000000000000000e+00,0.000000000000000000e+00,0.000000000000000000e+00,0.000000000000000000e+00,0.000000000000000000e+00,0.000000000000000000e+00,0.000000000000000000e+00
0.000000000000000000e+00,0.000000000000000000e+00,0.000000000000000000e+00,0.000000000000000000e+00,0.000000000000000000e+00,0.000000000000000000e+00,0.000000000000000000e+00,0.000000000000000000e+00,0.000000000000000000e+00,0.000000000000000000e+00,0.000000000000000000e+00,0.000000000000000000e+00,2.788857269287109375e+01,2.821264839172363281e+01,2.848561096191406250e+01,2.867917442321777344e+01,2.880503463745117188e+01,2.888311004638671875e+01,2.892623710632324219e+01,2.894087982177734375e+01,2.893160247802734375e+01,2.890409088134765625e+01,0.000000000000000000e+00,0.000000000000000000e+00,0.000000000000000000e+00,0.000000000000000000e+00,0.000000000000000000e+00,0.000000000000000000e+00,0.000000000000000000e+00,0.000000000000000000e+00,0.000000000000000000e+00,0.000000000000000000e+00,0.000000000000000000e+00,0.000000000000000000e+00,0.000000000000000000e+00,0.000000000000000000e+00,0.000000000000000000e+00,0.000000000000000000e+00,0.000000000000000000e+00,0.000000000000000000e+00
0.000000000000000000e+00,0.000000000000000000e+00,0.000000000000000000e+00,0.000000000000000000e+00,0.000000000000000000e+00,0.000000000000000000e+00,2.763788032531738281e+01,2.758126831054687500e+01,2.758015632629394531e+01,2.755994987487792969e+01,2.755608177185058594e+01,2.758400344848632812e+01,2.767679977416992188e+01,2.801271820068359375e+01,2.841472434997558594e+01,2.869350624084472656e+01,2.886914443969726562e+01,2.897895240783691406e+01,2.904569244384765625e+01,2.907742691040039062e+01,2.907843399047851562e+01,2.905553054809570312e+01,0.000000000000000000e+00,0.000000000000000000e+00,0.000000000000000000e+00,0.000000000000000000e+00,0.000000000000000000e+00,0.000000000000000000e+00,0.000000000000000000e+00,0.000000000000000000e+00,0.000000000000000000e+00,0.000000000000000000e+00,0.000000000000000000e+00,0.000000000000000000e+00,0.000000000000000000e+00,0.000000000000000000e+00,0.000000000000000000e+00,0.000000000000000000e+00,0.000000000000000000e+00,0.000000000000000000e+00
0.000000000000000000e+00,0.000000000000000000e+00,0.000000000000000000e+00,0.000000000000000000e+00,0.000000000000000000e+00,0.000000000000000000e+00,2.810531616210937500e+01,2.778114700317382812e+01,2.772118377685546875e+01,2.771762466430664062e+01,2.772787284851074219e+01,2.781496238708496094e+01,2.796167564392089844e+01,2.810782051086425781e+01,2.833579635620117188e+01,2.862495994567871094e+01,2.883309364318847656e+01,2.896403884887695312e+01,2.904965209960937500e+01,2.910248184204101562e+01,2.912959098815917969e+01,2.913942337036132812e+01,0.000000000000000000e+00,0.000000000000000000e+00,0.000000000000000000e+00,0.000000000000000000e+00,0.000000000000000000e+00,0.000000000000000000e+00,0.000000000000000000e+00,0.000000000000000000e+00,0.000000000000000000e+00,0.000000000000000000e+00,0.000000000000000000e+00,0.000000000000000000e+00,0.000000000000000000e+00,0.000000000000000000e+00,0.000000000000000000e+00,0.000000000000000000e+00,0.000000000000000000e+00,0.000000000000000000e+00
0.000000000000000000e+00,0.000000000000000000e+00,0.000000000000000000e+00,0.000000000000000000e+00,0.000000000000000000e+00,2.860445213317871094e+01,2.850823974609375000e+01,2.830395889282226562e+01,2.794953346252441406e+01,2.782246017456054688e+01,2.787941360473632812e+01,2.800781250000000000e+01,2.822369956970214844e+01,2.842836952209472656e+01,2.856077766418457031e+01,2.868442153930664062e+01,2.880614852905273438e+01,2.892282485961914062e+01,2.902143669128417969e+01,2.908760643005371094e+01,2.912247085571289062e+01,2.913708877563476562e+01,0.000000000000000000e+00,0.000000000000000000e+00,0.000000000000000000e+00,0.000000000000000000e+00,0.000000000000000000e+00,0.000000000000000000e+00,0.000000000000000000e+00,0.000000000000000000e+00,0.000000000000000000e+00,0.000000000000000000e+00,0.000000000000000000e+00,0.000000000000000000e+00,0.000000000000000000e+00,0.000000000000000000e+00,0.000000000000000000e+00,0.000000000000000000e+00,0.000000000000000000e+00,0.000000000000000000e+00
0.000000000000000000e+00,0.000000000000000000e+00,0.000000000000000000e+00,0.000000000000000000e+00,0.000000000000000000e+00,2.871924781799316406e+01,2.872720336914062500e+01,2.858097839355468750e+01,2.829311370849609375e+01,2.786000823974609375e+01,2.767411804199218750e+01,2.794205474853515625e+01,2.832126045227050781e+01,2.861851119995117188e+01,2.878562355041503906e+01,2.884454536437988281e+01,2.886494636535644531e+01,2.889429855346679688e+01,2.895809936523437500e+01,2.902215194702148438e+01,2.905674934387207031e+01,2.906649589538574219e+01,0.000000000000000000e+00,0.000000000000000000e+00,0.000000000000000000e+00,0.000000000000000000e+00,0.000000000000000000e+00,0.000000000000000000e+00,0.000000000000000000e+00,0.000000000000000000e+00,0.000000000000000000e+00,0.000000000000000000e+00,0.000000000000000000e+00,0.000000000000000000e+00,0.000000000000000000e+00,0.000000000000000000e+00,0.000000000000000000e+00,0.000000000000000000e+00,0.000000000000000000e+00,0.000000000000000000e+00
0.000000000000000000e+00,0.000000000000000000e+00,0.000000000000000000e+00,0.000000000000000000e+00,0.000000000000000000e+00,0.000000000000000000e+00,0.000000000000000000e+00,2.875494956970214844e+01,2.860191535949707031e+01,2.832233428955078125e+01,2.794381332397460938e+01,2.792078399658203125e+01,2.832837677001953125e+01,2.874688720703125000e+01,2.898112297058105469e+01,2.903294181823730469e+01,2.897487258911132812e+01,2.890875625610351562e+01,2.888824653625488281e+01,2.889589309692382812e+01,2.890449523925781250e+01,2.890206909179687500e+01,0.000000000000000000e+00,0.000000000000000000e+00,0.000000000000000000e+00,0.000000000000000000e+00,0.000000000000000000e+00,0.000000000000000000e+00,0.000000000000000000e+00,0.000000000000000000e+00,0.000000000000000000e+00,0.000000000000000000e+00,0.000000000000000000e+00,0.000000000000000000e+00,0.000000000000000000e+00,0.000000000000000000e+00,0.000000000000000000e+00,0.000000000000000000e+00,0.000000000000000000e+00,0.000000000000000000e+00
0.000000000000000000e+00,0.000000000000000000e+00,0.000000000000000000e+00,0.000000000000000000e+00,0.000000000000000000e+00,0.000000000000000000e+00,0.000000000000000000e+00,2.879492950439453125e+01,2.878769111633300781e+01,2.870587730407714844e+01,2.855297851562500000e+01,2.843600273132324219e+01,2.866921043395996094e+01,2.905494117736816406e+01,2.934614562988281250e+01,2.942700767517089844e+01,2.928580665588378906e+01,2.906033325195312500e+01,2.889184379577636719e+01,2.878449058532714844e+01,2.870291709899902344e+01,2.864692115783691406e+01,2.861955451965332031e+01,0.000000000000000000e+00,0.000000000000000000e+00,0.000000000000000000e+00,0.000000000000000000e+00,0.000000000000000000e+00,0.000000000000000000e+00,0.000000000000000000e+00,0.000000000000000000e+00,0.000000000000000000e+00,0.000000000000000000e+00,0.000000000000000000e+00,0.000000000000000000e+00,0.000000000000000000e+00,0.000000000000000000e+00,0.000000000000000000e+00,0.000000000000000000e+00,0.000000000000000000e+00
0.000000000000000000e+00,0.000000000000000000e+00,0.000000000000000000e+00,0.000000000000000000e+00,0.000000000000000000e+00,0.000000000000000000e+00,2.852713203430175781e+01,2.874299430847167969e+01,2.887585639953613281e+01,2.893098640441894531e+01,2.892472648620605469e+01,2.891909408569335938e+01,2.903020095825195312e+01,2.936319160461425781e+01,2.969548797607421875e+01,2.983633041381835938e+01,2.967765808105468750e+01,2.932115936279296875e+01,2.898555183410644531e+01,2.875089073181152344e+01,2.856590461730957031e+01,2.840637397766113281e+01,2.829470252990722656e+01,0.000000000000000000e+00,0.000000000000000000e+00,0.000000000000000000e+00,0.000000000000000000e+00,0.000000000000000000e+00,0.000000000000000000e+00,0.000000000000000000e+00,0.000000000000000000e+00,0.000000000000000000e+00,0.000000000000000000e+00,0.000000000000000000e+00,0.000000000000000000e+00,0.000000000000000000e+00,0.000000000000000000e+00,0.000000000000000000e+00,0.000000000000000000e+00,0.000000000000000000e+00
0.000000000000000000e+00,0.000000000000000000e+00,0.000000000000000000e+00,0.000000000000000000e+00,0.000000000000000000e+00,0.000000000000000000e+00,2.839088439941406250e+01,2.860390090942382812e+01,2.886358833312988281e+01,2.902043914794921875e+01,2.911052894592285156e+01,2.918228912353515625e+01,2.928626060485839844e+01,2.952830123901367188e+01,2.984952926635742188e+01,3.000674247741699219e+01,2.984337806701660156e+01,2.946325683593750000e+01,2.906122016906738281e+01,2.872183609008789062e+01,2.845426177978515625e+01,2.823046112060546875e+01,2.803816413879394531e+01,0.000000000000000000e+00,2.785419082641601562e+01,0.000000000000000000e+00,0.000000000000000000e+00,0.000000000000000000e+00,0.000000000000000000e+00,0.000000000000000000e+00,0.000000000000000000e+00,0.000000000000000000e+00,0.000000000000000000e+00,0.000000000000000000e+00,0.000000000000000000e+00,0.000000000000000000e+00,0.000000000000000000e+00,0.000000000000000000e+00,0.000000000000000000e+00,0.000000000000000000e+00
0.000000000000000000e+00,0.000000000000000000e+00,0.000000000000000000e+00,0.000000000000000000e+00,0.000000000000000000e+00,0.000000000000000000e+00,0.000000000000000000e+00,2.849777793884277344e+01,2.876161193847656250e+01,2.902193832397460938e+01,2.918010330200195312e+01,2.930908584594726562e+01,2.941080856323242188e+01,2.955028152465820312e+01,2.975210189819335938e+01,2.986039924621582031e+01,2.972106361389160156e+01,2.938236045837402344e+01,2.899797439575195312e+01,2.864392852783203125e+01,2.832601928710937500e+01,2.803742980957031250e+01,2.778515434265136719e+01,2.759138298034667969e+01,2.747893905639648438e+01,0.000000000000000000e+00,0.000000000000000000e+00,0.000000000000000000e+00,0.000000000000000000e+00,0.000000000000000000e+00,0.000000000000000000e+00,0.000000000000000000e+00,0.000000000000000000e+00,0.000000000000000000e+00,0.000000000000000000e+00,0.000000000000000000e+00,0.000000000000000000e+00,0.000000000000000000e+00,0.000000000000000000e+00,0.000000000000000000e+00
0.000000000000000000e+00,0.000000000000000000e+00,0.000000000000000000e+00,0.000000000000000000e+00,0.000000000000000000e+00,0.000000000000000000e+00,0.000000000000000000e+00,2.851660919189453125e+01,2.869202613830566406e+01,2.896104431152343750e+01,2.920503425598144531e+01,2.938228607177734375e+01,2.949814224243164062e+01,2.955382347106933594e+01,2.959558105468750000e+01,2.958680534362792969e+01,2.945035362243652344e+01,2.916894721984863281e+01,2.880719184875488281e+01,2.845894050598144531e+01,2.812773132324218750e+01,2.781187057495117188e+01,2.751228523254394531e+01,2.725504684448242188e+01,2.709462928771972656e+01,2.706240653991699219e+01,0.000000000000000000e+00,0.000000000000000000e+00,0.000000000000000000e+00,0.000000000000000000e+00,0.000000000000000000e+00,0.000000000000000000e+00,0.000000000000000000e+00,0.000000000000000000e+00,0.000000000000000000e+00,0.000000000000000000e+00,0.000000000000000000e+00,0.000000000000000000e+00,0.000000000000000000e+00,0.000000000000000000e+00
0.000000000000000000e+00,0.000000000000000000e+00,0.000000000000000000e+00,0.000000000000000000e+00,0.000000000000000000e+00,0.000000000000000000e+00,0.000000000000000000e+00,0.000000000000000000e+00,2.872851753234863281e+01,2.895215034484863281e+01,2.922493934631347656e+01,2.949040603637695312e+01,2.966190719604492188e+01,2.970491981506347656e+01,2.962270927429199219e+01,2.946034240722656250e+01,2.922823715209960938e+01,2.893729400634765625e+01,2.858154678344726562e+01,2.819985771179199219e+01,2.784697532653808594e+01,2.749688148498535156e+01,2.716056823730468750e+01,2.687672042846679688e+01,2.669339942932128906e+01,2.664202308654785156e+01,0.000000000000000000e+00,0.000000000000000000e+00,0.000000000000000000e+00,0.000000000000000000e+00,0.000000000000000000e+00,0.000000000000000000e+00,0.000000000000000000e+00,0.000000000000000000e+00,0.000000000000000000e+00,0.000000000000000000e+00,0.000000000000000000e+00,0.000000000000000000e+00,0.000000000000000000e+00,3.032543945312500000e+01
0.000000000000000000e+00,0.000000000000000000e+00,0.000000000000000000e+00,0.000000000000000000e+00,0.000000000000000000e+00,0.000000000000000000e+00,0.000000000000000000e+00,2.868331909179687500e+01,2.880930519104003906e+01,2.902694129943847656e+01,2.931925201416015625e+01,2.967601394653320312e+01,2.998726272583007812e+01,3.009529685974121094e+01,2.991958999633789062e+01,2.956064414978027344e+01,2.914807128906250000e+01,2.874290466308593750e+01,2.836424827575683594e+01,2.795941734313964844e+01,2.752780532836914062e+01,2.710453414916992188e+01,2.669443511962890625e+01,2.636580848693847656e+01,2.620878791809082031e+01,2.623792076110839844e+01,0.000000000000000000e+00,0.000000000000000000e+00,0.000000000000000000e+00,0.000000000000000000e+00,0.000000000000000000e+00,0.000000000000000000e+00,0.000000000000000000e+00,0.000000000000000000e+00,0.000000000000000000e+00,2.901156234741210938e+01,0.000000000000000000e+00,0.000000000000000000e+00,0.000000000000000000e+00,0.000000000000000000e+00
0.000000000000000000e+00,0.000000000000000000e+00,0.000000000000000000e+00,0.000000000000000000e+00,2.804156494140625000e+01,2.823529624938964844e+01,2.844961166381835938e+01,2.867779922485351562e+01,2.883914375305175781e+01,2.908882331848144531e+01,2.943957710266113281e+01,2.991160774230957031e+01,3.041073417663574219e+01,3.064739036560058594e+01,3.035457992553710938e+01,2.973306465148925781e+01,2.911375427246093750e+01,2.858250427246093750e+01,2.815173339843750000e+01,2.776844215393066406e+01,2.729595184326171875e+01,2.671801948547363281e+01,2.614249992370605469e+01,2.572321510314941406e+01,2.559823608398437500e+01,2.577024078369140625e+01,0.000000000000000000e+00,0.000000000000000000e+00,0.000000000000000000e+00,0.000000000000000000e+00,0.000000000000000000e+00,2.764439773559570312e+01,2.794108772277832031e+01,0.000000000000000000e+00,0.000000000000000000e+00,0.000000000000000000e+00,0.000000000000000000e+00,0.000000000000000000e+00,0.000000000000000000e+00,0.000000000000000000e+00
0.000000000000000000e+00,0.000000000000000000e+00,2.764247131347656250e+01,0.000000000000000000e+00,0.000000000000000000e+00,0.000000000000000000e+00,2.833558082580566406e+01,2.857824134826660156e+01,2.876724433898925781e+01,2.903700447082519531e+01,2.943316650390625000e+01,2.999187278747558594e+01,3.062570953369140625e+01,3.095763778686523438e+01,3.056575393676757812e+01,2.969179725646972656e+01,2.890535354614257812e+01,2.836254310607910156e+01,2.796343040466308594e+01,2.762988471984863281e+01,2.719968986511230469e+01,2.651206207275390625e+01,2.567399597167968750e+01,2.506065177917480469e+01,2.497052383422851562e+01,2.531423187255859375e+01,0.000000000000000000e+00,0.000000000000000000e+00,2.672735404968261719e+01,2.702228546142578125e+01,2.726971054077148438e+01,0.000000000000000000e+00,0.000000000000000000e+00,0.000000000000000000e+00,2.830902481079101562e+01,2.856087493896484375e+01,2.881161880493164062e+01,2.906526565551757812e+01,2.932272911071777344e+01,0.000000000000000000e+00
0.000000000000000000e+00,0.000000000000000000e+00,0.000000000000000000e+00,0.000000000000000000e+00,0.000000000000000000e+00,0.000000000000000000e+00,0.000000000000000000e+00,0.000000000000000000e+00,0.000000000000000000e+00,2.881362915039062500e+01,2.918879318237304688e+01,2.971581840515136719e+01,3.029046249389648438e+01,3.055437278747558594e+01,3.014905738830566406e+01,2.925655174255371094e+01,2.841081047058105469e+01,2.794290351867675781e+01,2.776942634582519531e+01,2.758775329589843750e+01,2.722997093200683594e+01,2.654943275451660156e+01,2.557470321655273438e+01,2.474155426025390625e+01,2.458615303039550781e+01,2.504139518737792969e+01,2.568391799926757812e+01,2.626965141296386719e+01,2.674667739868164062e+01,2.710675239562988281e+01,2.735774040222167969e+01,2.754292678833007812e+01,2.772486114501953125e+01,2.791370773315429688e+01,0.000000000000000000e+00,0.000000000000000000e+00,0.000000000000000000e+00,0.000000000000000000e+00,0.000000000000000000e+00,0.000000000000000000e+00
0.000000000000000000e+00,0.000000000000000000e+00,0.000000000000000000e+00,0.000000000000000000e+00,0.000000000000000000e+00,0.000000000000000000e+00,0.000000000000000000e+00,0.000000000000000000e+00,0.000000000000000000e+00,0.000000000000000000e+00,2.869899177551269531e+01,2.910131454467773438e+01,2.950507545471191406e+01,2.963759803771972656e+01,2.929937934875488281e+01,2.859629440307617188e+01,2.786731529235839844e+01,2.745723915100097656e+01,2.746612739562988281e+01,2.756940841674804688e+01,2.734729766845703125e+01,2.676106452941894531e+01,2.589935684204101562e+01,2.508633422851562500e+01,2.477553749084472656e+01,2.509510231018066406e+01,2.570771408081054688e+01,0.000000000000000000e+00,0.000000000000000000e+00,0.000000000000000000e+00,0.000000000000000000e+00,0.000000000000000000e+00,0.000000000000000000e+00,0.000000000000000000e+00,0.000000000000000000e+00,0.000000000000000000e+00,0.000000000000000000e+00,0.000000000000000000e+00,0.000000000000000000e+00,0.000000000000000000e+00
0.000000000000000000e+00,0.000000000000000000e+00,0.000000000000000000e+00,0.000000000000000000e+00,0.000000000000000000e+00,0.000000000000000000e+00,0.000000000000000000e+00,0.000000000000000000e+00,0.000000000000000000e+00,0.000000000000000000e+00,2.806850433349609375e+01,2.834172248840332031e+01,2.864421844482421875e+01,2.875459289550781250e+01,2.854237174987792969e+01,2.806606101989746094e+01,2.753179168701171875e+01,2.721740531921386719e+01,2.723734664916992188e+01,2.738637924194335938e+01,2.735494422912597656e+01,2.698262596130371094e+01,2.639751815795898438e+01,2.580894088745117188e+01,2.547827720642089844e+01,2.551286125183105469e+01,2.588378143310546875e+01,0.000000000000000000e+00,0.000000000000000000e+00,0.000000000000000000e+00,0.000000000000000000e+00,0.000000000000000000e+00,0.000000000000000000e+00,0.000000000000000000e+00,0.000000000000000000e+00,0.000000000000000000e+00,0.000000000000000000e+00,0.000000000000000000e+00,0.000000000000000000e+00,0.000000000000000000e+00
0.000000000000000000e+00,0.000000000000000000e+00,0.000000000000000000e+00,0.000000000000000000e+00,0.000000000000000000e+00,0.000000000000000000e+00,0.000000000000000000e+00,0.000000000000000000e+00,2.762804222106933594e+01,0.000000000000000000e+00,2.746700096130371094e+01,2.765198707580566406e+01,2.795041084289550781e+01,2.812327003479003906e+01,2.805036163330078125e+01,2.776324272155761719e+01,2.740893745422363281e+01,2.717458915710449219e+01,2.714968872070312500e+01,2.718115425109863281e+01,2.713176155090332031e+01,2.700677490234375000e+01,2.676541137695312500e+01,2.646839714050292969e+01,2.622978019714355469e+01,2.614531517028808594e+01,2.622138786315917969e+01,0.000000000000000000e+00,0.000000000000000000e+00,0.000000000000000000e+00,0.000000000000000000e+00,0.000000000000000000e+00,0.000000000000000000e+00,0.000000000000000000e+00,0.000000000000000000e+00,0.000000000000000000e+00,0.000000000000000000e+00,0.000000000000000000e+00,0.000000000000000000e+00,0.000000000000000000e+00
0.000000000000000000e+00,0.000000000000000000e+00,0.000000000000000000e+00,0.000000000000000000e+00,0.000000000000000000e+00,0.000000000000000000e+00,0.000000000000000000e+00,0.000000000000000000e+00,0.000000000000000000e+00,2.720796012878417969e+01,2.707308578491210938e+01,2.719681930541992188e+01,2.749963378906250000e+01,2.772525596618652344e+01,2.774543380737304688e+01,2.758920669555664062e+01,2.735280227661132812e+01,2.715108489990234375e+01,2.705191993713378906e+01,2.699688911437988281e+01,2.691173934936523438e+01,2.684040832519531250e+01,2.684192657470703125e+01,2.683304405212402344e+01,2.677710533142089844e+01,2.670165634155273438e+01,2.667178344726562500e+01,0.000000000000000000e+00,0.000000000000000000e+00,0.000000000000000000e+00,0.000000000000000000e+00,0.000000000000000000e+00,0.000000000000000000e+00,0.000000000000000000e+00,0.000000000000000000e+00,0.000000000000000000e+00,0.000000000000000000e+00,0.000000000000000000e+00,0.000000000000000000e+00,0.000000000000000000e+00
0.000000000000000000e+00,0.000000000000000000e+00,0.000000000000000000e+00,0.000000000000000000e+00,0.000000000000000000e+00,0.000000000000000000e+00,0.000000000000000000e+00,0.000000000000000000e+00,0.000000000000000000e+00,2.709864616394042969e+01,2.696054458618164062e+01,2.702936935424804688e+01,2.727906227111816406e+01,2.749403762817382812e+01,2.754908752441406250e+01,2.745798492431640625e+01,2.728591728210449219e+01,2.709254264831542969e+01,2.692124938964843750e+01,2.680049133300781250e+01,2.671853256225585938e+01,2.668810462951660156e+01,2.672727966308593750e+01,2.685867881774902344e+01,2.699062156677246094e+01,2.705776023864746094e+01,2.704348564147949219e+01,2.702269744873046875e+01,0.000000000000000000e+00,0.000000000000000000e+00,0.000000000000000000e+00,0.000000000000000000e+00,0.000000000000000000e+00,0.000000000000000000e+00,0.000000000000000000e+00,0.000000000000000000e+00,0.000000000000000000e+00,0.000000000000000000e+00,0.000000000000000000e+00,0.000000000000000000e+00
0.000000000000000000e+00,0.000000000000000000e+00,2.706255722045898438e+01,2.714545822143554688e+01,2.723415184020996094e+01,0.000000000000000000e+00,0.000000000000000000e+00,2.727295684814453125e+01,2.720973968505859375e+01,2.713119506835937500e+01,2.702921676635742188e+01,2.704264450073242188e+01,2.719717407226562500e+01,2.735142326354980469e+01,2.740878295898437500e+01,2.734767341613769531e+01,2.720621299743652344e+01,2.702066993713378906e+01,2.680732727050781250e+01,2.661666870117187500e+01,2.652094841003417969e+01,2.653197097778320312e+01,2.661120796203613281e+01,2.671872711181640625e+01,2.690232658386230469e+01,2.709658050537109375e+01,2.723544120788574219e+01,2.726227378845214844e+01,0.000000000000000000e+00,0.000000000000000000e+00,0.000000000000000000e+00,0.000000000000000000e+00,0.000000000000000000e+00,0.000000000000000000e+00,0.000000000000000000e+00,0.000000000000000000e+00,0.000000000000000000e+00,0.000000000000000000e+00,0.000000000000000000e+00,0.000000000000000000e+00
0.000000000000000000e+00,0.000000000000000000e+00,2.699316024780273438e+01,2.707712745666503906e+01,2.717099761962890625e+01,2.723053359985351562e+01,2.726144599914550781e+01,2.724759292602539062e+01,2.721115875244140625e+01,2.719223022460937500e+01,2.712460899353027344e+01,2.708764266967773438e+01,2.714610099792480469e+01,2.723340797424316406e+01,2.727907943725585938e+01,2.724719047546386719e+01,2.713361167907714844e+01,2.696264839172363281e+01,2.674525833129882812e+01,2.650669479370117188e+01,2.635837364196777344e+01,2.637655830383300781e+01,2.648583602905273438e+01,2.660046958923339844e+01,2.671573829650878906e+01,2.691385269165039062e+01,2.714223289489746094e+01,2.733151245117187500e+01,2.739966201782226562e+01,0.000000000000000000e+00,0.000000000000000000e+00,0.000000000000000000e+00,0.000000000000000000e+00,0.000000000000000000e+00,0.000000000000000000e+00,0.000000000000000000e+00,0.000000000000000000e+00,0.000000000000000000e+00,0.000000000000000000e+00,0.000000000000000000e+00
0.000000000000000000e+00,0.000000000000000000e+00,2.692703247070312500e+01,2.701404190063476562e+01,2.711371803283691406e+01,2.717926406860351562e+01,2.722541236877441406e+01,2.722199249267578125e+01,2.719864463806152344e+01,2.720916557312011719e+01,2.716735267639160156e+01,2.709588241577148438e+01,2.707753944396972656e+01,2.711263465881347656e+01,2.714321327209472656e+01,2.714140510559082031e+01,2.707202339172363281e+01,2.693210029602050781e+01,2.673884963989257812e+01,2.650146102905273438e+01,2.630916023254394531e+01,2.628182029724121094e+01,2.637948799133300781e+01,2.649086189270019531e+01,2.658995437622070312e+01,2.670219039916992188e+01,2.690536499023437500e+01,2.715567207336425781e+01,2.737901687622070312e+01,0.000000000000000000e+00,0.000000000000000000e+00,0.000000000000000000e+00,0.000000000000000000e+00,0.000000000000000000e+00,0.000000000000000000e+00,0.000000000000000000e+00,0.000000000000000000e+00,0.000000000000000000e+00,0.000000000000000000e+00,0.000000000000000000e+00
0.000000000000000000e+00,0.000000000000000000e+00,2.686313438415527344e+01,2.695442581176757812e+01,2.705884170532226562e+01,2.712934494018554688e+01,2.718547630310058594e+01,2.718273162841796875e+01,2.715780448913574219e+01,2.717023849487304688e+01,2.715163993835449219e+01,2.706234359741210938e+01,2.699734306335449219e+01,2.699962425231933594e+01,2.702015495300292969e+01,2.703597450256347656e+01,2.701428985595703125e+01,2.691782569885253906e+01,2.676052284240722656e+01,2.656793785095214844e+01,2.636901283264160156e+01,2.627969741821289062e+01,2.631643867492675781e+01,2.639980506896972656e+01,2.648372650146484375e+01,2.657301139831542969e+01,2.668702125549316406e+01,2.689301490783691406e+01,0.000000000000000000e+00,0.000000000000000000e+00,0.000000000000000000e+00,0.000000000000000000e+00,0.000000000000000000e+00,0.000000000000000000e+00,0.000000000000000000e+00,0.000000000000000000e+00,0.000000000000000000e+00,0.000000000000000000e+00,0.000000000000000000e+00,0.000000000000000000e+00
0.000000000000000000e+00,0.000000000000000000e+00,0.000000000000000000e+00,2.689739418029785156e+01,2.700467491149902344e+01,0.000000000000000000e+00,2.713874626159667969e+01,2.712906455993652344e+01,2.709433174133300781e+01,0.000000000000000000e+00,0.000000000000000000e+00,2.700675010681152344e+01,2.693168449401855469e+01,2.691844367980957031e+01,2.694539260864257812e+01,2.697344017028808594e+01,2.696803474426269531e+01,2.689866256713867188e+01,2.676616668701171875e+01,2.661417961120605469e+01,2.645325851440429688e+01,2.631568145751953125e+01,2.628093910217285156e+01,2.632141304016113281e+01,2.638879776000976562e+01,2.646513557434082031e+01,2.655699920654296875e+01,2.667595100402832031e+01,2.688425827026367188e+01,0.000000000000000000e+00,0.000000000000000000e+00,0.000000000000000000e+00,0.000000000000000000e+00,0.000000000000000000e+00,0.000000000000000000e+00,0.000000000000000000e+00,0.000000000000000000e+00,0.000000000000000000e+00,0.000000000000000000e+00,0.000000000000000000e+00
0.000000000000000000e+00,0.000000000000000000e+00,0.000000000000000000e+00,0.000000000000000000e+00,0.000000000000000000e+00,0.000000000000000000e+00,0.000000000000000000e+00,0.000000000000000000e+00,0.000000000000000000e+00,0.000000000000000000e+00,0.000000000000000000e+00,2.694553756713867188e+01,2.688442611694335938e+01,2.687569808959960938e+01,2.693640708923339844e+01,2.698891639709472656e+01,2.696419525146484375e+01,2.685747528076171875e+01,2.671401596069335938e+01,2.657499885559082031e+01,2.645540428161621094e+01,2.632704353332519531e+01,2.623991775512695312e+01,2.624051475524902344e+01,2.629294013977050781e+01,2.636588478088378906e+01,2.644832801818847656e+01,2.654725456237792969e+01,2.667191505432128906e+01,0.000000000000000000e+00,0.000000000000000000e+00,0.000000000000000000e+00,0.000000000000000000e+00,0.000000000000000000e+00,0.000000000000000000e+00,0.000000000000000000e+00,0.000000000000000000e+00,0.000000000000000000e+00,0.000000000000000000e+00,0.000000000000000000e+00
0.000000000000000000e+00,0.000000000000000000e+00,0.000000000000000000e+00,0.000000000000000000e+00,0.000000000000000000e+00,0.000000000000000000e+00,0.000000000000000000e+00,0.000000000000000000e+00,2.693736076354980469e+01,0.000000000000000000e+00,0.000000000000000000e+00,2.688124465942382812e+01,2.683891868591308594e+01,2.684600448608398438e+01,2.693901443481445312e+01,2.702104759216308594e+01,2.695573616027832031e+01,2.674638748168945312e+01,2.654605484008789062e+01,2.640989112854003906e+01,2.632872009277343750e+01,2.626004791259765625e+01,2.617966842651367188e+01,2.615115356445312500e+01,2.619160652160644531e+01,2.626494979858398438e+01,2.635025024414062500e+01,2.644112396240234375e+01,2.654687500000000000e+01,0.000000000000000000e+00,0.000000000000000000e+00,0.000000000000000000e+00,0.000000000000000000e+00,0.000000000000000000e+00,0.000000000000000000e+00,0.000000000000000000e+00,0.000000000000000000e+00,0.000000000000000000e+00,0.000000000000000000e+00,0.000000000000000000e+00
0.000000000000000000e+00,0.000000000000000000e+00,0.000000000000000000e+00,0.000000000000000000e+00,0.000000000000000000e+00,0.000000000000000000e+00,0.000000000000000000e+00,0.000000000000000000e+00,2.685657691955566406e+01,2.680794525146484375e+01,2.682353401184082031e+01,2.680726623535156250e+01,2.677146530151367188e+01,2.677494812011718750e+01,2.684031105041503906e+01,2.689588546752929688e+01,2.675319099426269531e+01,2.642158317565917969e+01,2.616141510009765625e+01,2.607116317749023438e+01,2.607147407531738281e+01,2.609586334228515625e+01,2.608964538574218750e+01,2.606694984436035156e+01,2.609183883666992188e+01,2.616366577148437500e+01,2.625469970703125000e+01,0.000000000000000000e+00,0.000000000000000000e+00,0.000000000000000000e+00,2.668930435180664062e+01,0.000000000000000000e+00,0.000000000000000000e+00,0.000000000000000000e+00,0.000000000000000000e+00,0.000000000000000000e+00,0.000000000000000000e+00,0.000000000000000000e+00,0.000000000000000000e+00,0.000000000000000000e+00
0.000000000000000000e+00,0.000000000000000000e+00,0.000000000000000000e+00,0.000000000000000000e+00,0.000000000000000000e+00,0.000000000000000000e+00,0.000000000000000000e+00,0.000000000000000000e+00,0.000000000000000000e+00,0.000000000000000000e+00,2.671267318725585938e+01,2.671690559387207031e+01,2.666913795471191406e+01,2.663292121887207031e+01,2.659439277648925781e+01,2.651294898986816406e+01,2.621442031860351562e+01,2.576757431030273438e+01,2.551708030700683594e+01,2.556064033508300781e+01,2.572357559204101562e+01,2.587453842163085938e+01,2.597015571594238281e+01,2.599910354614257812e+01,2.601615142822265625e+01,2.607459831237792969e+01,2.616333961486816406e+01,2.626348114013671875e+01,2.636090087890625000e+01,0.000000000000000000e+00,0.000000000000000000e+00,0.000000000000000000e+00,0.000000000000000000e+00,0.000000000000000000e+00,0.000000000000000000e+00,0.000000000000000000e+00,0.000000000000000000e+00,0.000000000000000000e+00,0.000000000000000000e+00,0.000000000000000000e+00
0.000000000000000000e+00,0.000000000000000000e+00,0.000000000000000000e+00,0.000000000000000000e+00,0.000000000000000000e+00,0.000000000000000000e+00,0.000000000000000000e+00,0.000000000000000000e+00,0.000000000000000000e+00,0.000000000000000000e+00,0.000000000000000000e+00,0.000000000000000000e+00,2.654252624511718750e+01,2.645063400268554688e+01,2.629021453857421875e+01,2.602866363525390625e+01,2.557792091369628906e+01,2.506288528442382812e+01,2.487109184265136719e+01,2.506519126892089844e+01,2.539676856994628906e+01,2.567347145080566406e+01,2.585664367675781250e+01,2.595037460327148438e+01,2.598098754882812500e+01,2.601731491088867188e+01,2.609035110473632812e+01,2.618444824218750000e+01,0.000000000000000000e+00,0.000000000000000000e+00,0.000000000000000000e+00,0.000000000000000000e+00,0.000000000000000000e+00,0.000000000000000000e+00,0.000000000000000000e+00,0.000000000000000000e+00,0.000000000000000000e+00,0.000000000000000000e+00,0.000000000000000000e+00,0.000000000000000000e+00
0.000000000000000000e+00,0.000000000000000000e+00,0.000000000000000000e+00,0.000000000000000000e+00,0.000000000000000000e+00,0.000000000000000000e+00,0.000000000000000000e+00,0.000000000000000000e+00,0.000000000000000000e+00,0.000000000000000000e+00,2.648957252502441406e+01,0.000000000000000000e+00,2.641733169555664062e+01,2.628359031677246094e+01,2.604747581481933594e+01,2.568531036376953125e+01,2.521931648254394531e+01,2.476017379760742188e+01,2.461284065246582031e+01,2.483694458007812500e+01,2.521794891357421875e+01,2.556158065795898438e+01,2.579274559020996094e+01,2.592892837524414062e+01,2.598514175415039062e+01,2.600520706176757812e+01,2.604963493347167969e+01,2.612541770935058594e+01,0.000000000000000000e+00,0.000000000000000000e+00,0.000000000000000000e+00,0.000000000000000000e+00,0.000000000000000000e+00,0.000000000000000000e+00,0.000000000000000000e+00,0.000000000000000000e+00,0.000000000000000000e+00,0.000000000000000000e+00,0.000000000000000000e+00,0.000000000000000000e+00
0.000000000000000000e+00,0.000000000000000000e+00,0.000000000000000000e+00,0.000000000000000000e+00,0.000000000000000000e+00,0.000000000000000000e+00,0.000000000000000000e+00,0.000000000000000000e+00,0.000000000000000000e+00,0.000000000000000000e+00,0.000000000000000000e+00,0.000000000000000000e+00,2.631632423400878906e+01,2.616819381713867188e+01,2.591955375671386719e+01,2.556133270263671875e+01,2.517080879211425781e+01,2.483948707580566406e+01,2.472595214843750000e+01,2.489082527160644531e+01,2.521467399597167969e+01,2.554641723632812500e+01,2.579374885559082031e+01,2.594371986389160156e+01,0.000000000000000000e+00,2.603743934631347656e+01,0.000000000000000000e+00,0.000000000000000000e+00,0.000000000000000000e+00,0.000000000000000000e+00,0.000000000000000000e+00,0.000000000000000000e+00,0.000000000000000000e+00,0.000000000000000000e+00,0.000000000000000000e+00,0.000000000000000000e+00,0.000000000000000000e+00,0.000000000000000000e+00,0.000000000000000000e+00,0.000000000000000000e+00
0.000000000000000000e+00,0.000000000000000000e+00,0.000000000000000000e+00,0.000000000000000000e+00,0.000000000000000000e+00,0.000000000000000000e+00,0.000000000000000000e+00,0.000000000000000000e+00,0.000000000000000000e+00,0.000000000000000000e+00,0.000000000000000000e+00,0.000000000000000000e+00,2.624832725524902344e+01,2.611033439636230469e+01,2.589272117614746094e+01,2.559138488769531250e+01,2.528071594238281250e+01,2.506240272521972656e+01,2.498114204406738281e+01,0.000000000000000000e+00,0.000000000000000000e+00,0.000000000000000000e+00,0.000000000000000000e+00,0.000000000000000000e+00,0.000000000000000000e+00,0.000000000000000000e+00,0.000000000000000000e+00,0.000000000000000000e+00,0.000000000000000000e+00,0.000000000000000000e+00,0.000000000000000000e+00,0.000000000000000000e+00,0.000000000000000000e+00,0.000000000000000000e+00,0.000000000000000000e+00,0.000000000000000000e+00,0.000000000000000000e+00,0.000000000000000000e+00,0.000000000000000000e+00,0.000000000000000000e+00
0.000000000000000000e+00,0.000000000000000000e+00,0.000000000000000000e+00,0.000000000000000000e+00,0.000000000000000000e+00,0.000000000000000000e+00,0.000000000000000000e+00,0.000000000000000000e+00,0.000000000000000000e+00,0.000000000000000000e+00,0.000000000000000000e+00,0.000000000000000000e+00,0.000000000000000000e+00,2.609698867797851562e+01,2.592890930175781250e+01,0.000000000000000000e+00,2.544752120971679688e+01,0.000000000000000000e+00,0.000000000000000000e+00,0.000000000000000000e+00,0.000000000000000000e+00,0.000000000000000000e+00,0.000000000000000000e+00,0.000000000000000000e+00,0.000000000000000000e+00,0.000000000000000000e+00,0.000000000000000000e+00,0.000000000000000000e+00,0.000000000000000000e+00,0.000000000000000000e+00,0.000000000000000000e+00,0.000000000000000000e+00,0.000000000000000000e+00,0.000000000000000000e+00,0.000000000000000000e+00,0.000000000000000000e+00,0.000000000000000000e+00,0.000000000000000000e+00,0.000000000000000000e+00,0.000000000000000000e+00
0.000000000000000000e+00,0.000000000000000000e+00,0.000000000000000000e+00,0.000000000000000000e+00,0.000000000000000000e+00,0.000000000000000000e+00,0.000000000000000000e+00,0.000000000000000000e+00,0.000000000000000000e+00,0.000000000000000000e+00,0.000000000000000000e+00,0.000000000000000000e+00,0.000000000000000000e+00,0.000000000000000000e+00,2.599486160278320312e+01,0.000000000000000000e+00,0.000000000000000000e+00,0.000000000000000000e+00,0.000000000000000000e+00,0.000000000000000000e+00,0.000000000000000000e+00,0.000000000000000000e+00,0.000000000000000000e+00,0.000000000000000000e+00,0.000000000000000000e+00,0.000000000000000000e+00,0.000000000000000000e+00,0.000000000000000000e+00,0.000000000000000000e+00,0.000000000000000000e+00,0.000000000000000000e+00,0.000000000000000000e+00,0.000000000000000000e+00,0.000000000000000000e+00,0.000000000000000000e+00,0.000000000000000000e+00,0.000000000000000000e+00,0.000000000000000000e+00,0.000000000000000000e+00,0.000000000000000000e+00
0.000000000000000000e+00,0.000000000000000000e+00,0.000000000000000000e+00,0.000000000000000000e+00,0.000000000000000000e+00,0.000000000000000000e+00,0.000000000000000000e+00,0.000000000000000000e+00,0.000000000000000000e+00,0.000000000000000000e+00,0.000000000000000000e+00,0.000000000000000000e+00,0.000000000000000000e+00,0.000000000000000000e+00,0.000000000000000000e+00,0.000000000000000000e+00,0.000000000000000000e+00,0.000000000000000000e+00,0.000000000000000000e+00,0.000000000000000000e+00,0.000000000000000000e+00,0.000000000000000000e+00,0.000000000000000000e+00,0.000000000000000000e+00,0.000000000000000000e+00,0.000000000000000000e+00,0.000000000000000000e+00,0.000000000000000000e+00,0.000000000000000000e+00,0.000000000000000000e+00,0.000000000000000000e+00,0.000000000000000000e+00,0.000000000000000000e+00,0.000000000000000000e+00,0.000000000000000000e+00,0.000000000000000000e+00,0.000000000000000000e+00,0.000000000000000000e+00,0.000000000000000000e+00,0.000000000000000000e+00
